Timing Analyzer report for counter_demo
Thu Jun  4 12:02:48 2026
Quartus Prime Version 25.1std.0 Build 1129 10/21/2025 SC Lite Edition


---------------------
; Table of Contents ;
---------------------
  1. Legal Notice
  2. Timing Analyzer Summary
  3. Parallel Compilation
  4. Clocks
  5. Slow 1200mV 85C Model Fmax Summary
  6. Timing Closure Recommendations
  7. Slow 1200mV 85C Model Setup Summary
  8. Slow 1200mV 85C Model Hold Summary
  9. Slow 1200mV 85C Model Recovery Summary
 10. Slow 1200mV 85C Model Removal Summary
 11. Slow 1200mV 85C Model Minimum Pulse Width Summary
 12. Slow 1200mV 85C Model Setup: 'clk_in'
 13. Slow 1200mV 85C Model Setup: 'clk_div:clk_div_inst|clk_out'
 14. Slow 1200mV 85C Model Hold: 'clk_div:clk_div_inst|clk_out'
 15. Slow 1200mV 85C Model Hold: 'clk_in'
 16. Slow 1200mV 85C Model Metastability Summary
 17. Slow 1200mV 0C Model Fmax Summary
 18. Slow 1200mV 0C Model Setup Summary
 19. Slow 1200mV 0C Model Hold Summary
 20. Slow 1200mV 0C Model Recovery Summary
 21. Slow 1200mV 0C Model Removal Summary
 22. Slow 1200mV 0C Model Minimum Pulse Width Summary
 23. Slow 1200mV 0C Model Setup: 'clk_in'
 24. Slow 1200mV 0C Model Setup: 'clk_div:clk_div_inst|clk_out'
 25. Slow 1200mV 0C Model Hold: 'clk_div:clk_div_inst|clk_out'
 26. Slow 1200mV 0C Model Hold: 'clk_in'
 27. Slow 1200mV 0C Model Metastability Summary
 28. Fast 1200mV 0C Model Setup Summary
 29. Fast 1200mV 0C Model Hold Summary
 30. Fast 1200mV 0C Model Recovery Summary
 31. Fast 1200mV 0C Model Removal Summary
 32. Fast 1200mV 0C Model Minimum Pulse Width Summary
 33. Fast 1200mV 0C Model Setup: 'clk_in'
 34. Fast 1200mV 0C Model Setup: 'clk_div:clk_div_inst|clk_out'
 35. Fast 1200mV 0C Model Hold: 'clk_div:clk_div_inst|clk_out'
 36. Fast 1200mV 0C Model Hold: 'clk_in'
 37. Fast 1200mV 0C Model Metastability Summary
 38. Multicorner Timing Analysis Summary
 39. Board Trace Model Assignments
 40. Input Transition Times
 41. Signal Integrity Metrics (Slow 1200mv 0c Model)
 42. Signal Integrity Metrics (Slow 1200mv 85c Model)
 43. Signal Integrity Metrics (Fast 1200mv 0c Model)
 44. Setup Transfers
 45. Hold Transfers
 46. Report TCCS
 47. Report RSKM
 48. Unconstrained Paths Summary
 49. Clock Status Summary
 50. Unconstrained Input Ports
 51. Unconstrained Output Ports
 52. Unconstrained Input Ports
 53. Unconstrained Output Ports
 54. Timing Analyzer Messages



----------------
; Legal Notice ;
----------------
Copyright (C) 2025  Altera Corporation. All rights reserved.
Your use of Altera Corporation's design tools, logic functions 
and other software and tools, and any partner logic 
functions, and any output files from any of the foregoing 
(including device programming or simulation files), and any 
associated documentation or information are expressly subject 
to the terms and conditions of the Altera Program License 
Subscription Agreement, the Altera Quartus Prime License Agreement,
the Altera IP License Agreement, or other applicable license
agreement, including, without limitation, that your use is for
the sole purpose of programming logic devices manufactured by
Altera and sold by Altera or its authorized distributors.  Please
refer to the Altera Software License Subscription Agreements 
on the Quartus Prime software download page.



+---------------------------------------------------------------------------------+
; Timing Analyzer Summary                                                         ;
+-----------------------+---------------------------------------------------------+
; Quartus Prime Version ; Version 25.1std.0 Build 1129 10/21/2025 SC Lite Edition ;
; Timing Analyzer       ; Legacy Timing Analyzer                                  ;
; Revision Name         ; counter_demo                                            ;
; Device Family         ; Cyclone IV E                                            ;
; Device Name           ; EP4CE115F29C7                                           ;
; Timing Models         ; Final                                                   ;
; Delay Model           ; Combined                                                ;
; Rise/Fall Delays      ; Enabled                                                 ;
+-----------------------+---------------------------------------------------------+


+------------------------------------------+
; Parallel Compilation                     ;
+----------------------------+-------------+
; Processors                 ; Number      ;
+----------------------------+-------------+
; Number detected on machine ; 12          ;
; Maximum allowed            ; 10          ;
;                            ;             ;
; Average used               ; 1.03        ;
; Maximum used               ; 10          ;
;                            ;             ;
; Usage by Processor         ; % Time Used ;
;     Processor 1            ; 100.0%      ;
;     Processors 2-10        ;   0.4%      ;
+----------------------------+-------------+


+----------------------------------------------------------------------------------------------------------------------------------------------------------------------------------------------------------------------------+
; Clocks                                                                                                                                                                                                                     ;
+------------------------------+------+--------+------------+-------+-------+------------+-----------+-------------+-------+--------+-----------+------------+----------+--------+--------+----------------------------------+
; Clock Name                   ; Type ; Period ; Frequency  ; Rise  ; Fall  ; Duty Cycle ; Divide by ; Multiply by ; Phase ; Offset ; Edge List ; Edge Shift ; Inverted ; Master ; Source ; Targets                          ;
+------------------------------+------+--------+------------+-------+-------+------------+-----------+-------------+-------+--------+-----------+------------+----------+--------+--------+----------------------------------+
; clk_div:clk_div_inst|clk_out ; Base ; 1.000  ; 1000.0 MHz ; 0.000 ; 0.500 ;            ;           ;             ;       ;        ;           ;            ;          ;        ;        ; { clk_div:clk_div_inst|clk_out } ;
; clk_in                       ; Base ; 1.000  ; 1000.0 MHz ; 0.000 ; 0.500 ;            ;           ;             ;       ;        ;           ;            ;          ;        ;        ; { clk_in }                       ;
+------------------------------+------+--------+------------+-------+-------+------------+-----------+-------------+-------+--------+-----------+------------+----------+--------+--------+----------------------------------+


+--------------------------------------------------------------------------------------------------------------+
; Slow 1200mV 85C Model Fmax Summary                                                                           ;
+------------+-----------------+------------------------------+------------------------------------------------+
; Fmax       ; Restricted Fmax ; Clock Name                   ; Note                                           ;
+------------+-----------------+------------------------------+------------------------------------------------+
; 201.57 MHz ; 201.57 MHz      ; clk_in                       ;                                                ;
; 831.95 MHz ; 437.64 MHz      ; clk_div:clk_div_inst|clk_out ; limit due to minimum period restriction (tmin) ;
+------------+-----------------+------------------------------+------------------------------------------------+
This panel reports FMAX for every clock in the design, regardless of the user-specified clock periods.  FMAX is only computed for paths where the source and destination registers or ports are driven by the same clock.  Paths of different clocks, including generated clocks, are ignored.  For paths between a clock and its inversion, FMAX is computed as if the rising and falling edges are scaled along with FMAX, such that the duty cycle (in terms of a percentage) is maintained. Altera recommends that you always use clock constraints and other slack reports for sign-off analysis.


----------------------------------
; Timing Closure Recommendations ;
----------------------------------
HTML report is unavailable in plain text report export.


+-------------------------------------------------------+
; Slow 1200mV 85C Model Setup Summary                   ;
+------------------------------+--------+---------------+
; Clock                        ; Slack  ; End Point TNS ;
+------------------------------+--------+---------------+
; clk_in                       ; -3.961 ; -50.855       ;
; clk_div:clk_div_inst|clk_out ; -0.202 ; -0.390        ;
+------------------------------+--------+---------------+


+------------------------------------------------------+
; Slow 1200mV 85C Model Hold Summary                   ;
+------------------------------+-------+---------------+
; Clock                        ; Slack ; End Point TNS ;
+------------------------------+-------+---------------+
; clk_div:clk_div_inst|clk_out ; 0.404 ; 0.000         ;
; clk_in                       ; 0.639 ; 0.000         ;
+------------------------------+-------+---------------+


------------------------------------------
; Slow 1200mV 85C Model Recovery Summary ;
------------------------------------------
No paths to report.


-----------------------------------------
; Slow 1200mV 85C Model Removal Summary ;
-----------------------------------------
No paths to report.


+-------------------------------------------------------+
; Slow 1200mV 85C Model Minimum Pulse Width Summary     ;
+------------------------------+--------+---------------+
; Clock                        ; Slack  ; End Point TNS ;
+------------------------------+--------+---------------+
; clk_in                       ; -3.000 ; -36.410       ;
; clk_div:clk_div_inst|clk_out ; -1.285 ; -5.140        ;
+------------------------------+--------+---------------+


+--------------------------------------------------------------------------------------------------------------------------------------------+
; Slow 1200mV 85C Model Setup: 'clk_in'                                                                                                      ;
+--------+------------------------------+------------------------------+--------------+-------------+--------------+------------+------------+
; Slack  ; From Node                    ; To Node                      ; Launch Clock ; Latch Clock ; Relationship ; Clock Skew ; Data Delay ;
+--------+------------------------------+------------------------------+--------------+-------------+--------------+------------+------------+
; -3.961 ; clk_div:clk_div_inst|cnt[11] ; clk_div:clk_div_inst|clk_out ; clk_in       ; clk_in      ; 1.000        ; -0.081     ; 4.878      ;
; -3.939 ; clk_div:clk_div_inst|cnt[6]  ; clk_div:clk_div_inst|clk_out ; clk_in       ; clk_in      ; 1.000        ; -0.081     ; 4.856      ;
; -3.903 ; clk_div:clk_div_inst|cnt[1]  ; clk_div:clk_div_inst|clk_out ; clk_in       ; clk_in      ; 1.000        ; -0.081     ; 4.820      ;
; -3.893 ; clk_div:clk_div_inst|cnt[0]  ; clk_div:clk_div_inst|clk_out ; clk_in       ; clk_in      ; 1.000        ; -0.081     ; 4.810      ;
; -3.801 ; clk_div:clk_div_inst|cnt[8]  ; clk_div:clk_div_inst|clk_out ; clk_in       ; clk_in      ; 1.000        ; -0.081     ; 4.718      ;
; -3.782 ; clk_div:clk_div_inst|cnt[9]  ; clk_div:clk_div_inst|clk_out ; clk_in       ; clk_in      ; 1.000        ; -0.081     ; 4.699      ;
; -3.775 ; clk_div:clk_div_inst|cnt[10] ; clk_div:clk_div_inst|clk_out ; clk_in       ; clk_in      ; 1.000        ; -0.081     ; 4.692      ;
; -3.714 ; clk_div:clk_div_inst|cnt[3]  ; clk_div:clk_div_inst|clk_out ; clk_in       ; clk_in      ; 1.000        ; -0.081     ; 4.631      ;
; -3.690 ; clk_div:clk_div_inst|cnt[7]  ; clk_div:clk_div_inst|clk_out ; clk_in       ; clk_in      ; 1.000        ; -0.081     ; 4.607      ;
; -3.682 ; clk_div:clk_div_inst|cnt[4]  ; clk_div:clk_div_inst|clk_out ; clk_in       ; clk_in      ; 1.000        ; -0.081     ; 4.599      ;
; -3.597 ; clk_div:clk_div_inst|cnt[2]  ; clk_div:clk_div_inst|clk_out ; clk_in       ; clk_in      ; 1.000        ; -0.081     ; 4.514      ;
; -3.462 ; clk_div:clk_div_inst|cnt[14] ; clk_div:clk_div_inst|clk_out ; clk_in       ; clk_in      ; 1.000        ; -0.081     ; 4.379      ;
; -3.458 ; clk_div:clk_div_inst|cnt[13] ; clk_div:clk_div_inst|clk_out ; clk_in       ; clk_in      ; 1.000        ; -0.081     ; 4.375      ;
; -3.423 ; clk_div:clk_div_inst|cnt[15] ; clk_div:clk_div_inst|clk_out ; clk_in       ; clk_in      ; 1.000        ; -0.080     ; 4.341      ;
; -3.398 ; clk_div:clk_div_inst|cnt[5]  ; clk_div:clk_div_inst|clk_out ; clk_in       ; clk_in      ; 1.000        ; -0.081     ; 4.315      ;
; -3.340 ; clk_div:clk_div_inst|cnt[22] ; clk_div:clk_div_inst|clk_out ; clk_in       ; clk_in      ; 1.000        ; -0.080     ; 4.258      ;
; -3.247 ; clk_div:clk_div_inst|cnt[19] ; clk_div:clk_div_inst|clk_out ; clk_in       ; clk_in      ; 1.000        ; -0.080     ; 4.165      ;
; -3.185 ; clk_div:clk_div_inst|cnt[12] ; clk_div:clk_div_inst|clk_out ; clk_in       ; clk_in      ; 1.000        ; -0.081     ; 4.102      ;
; -3.145 ; clk_div:clk_div_inst|cnt[20] ; clk_div:clk_div_inst|clk_out ; clk_in       ; clk_in      ; 1.000        ; -0.081     ; 4.062      ;
; -3.128 ; clk_div:clk_div_inst|cnt[21] ; clk_div:clk_div_inst|clk_out ; clk_in       ; clk_in      ; 1.000        ; -0.081     ; 4.045      ;
; -3.041 ; clk_div:clk_div_inst|cnt[18] ; clk_div:clk_div_inst|clk_out ; clk_in       ; clk_in      ; 1.000        ; -0.081     ; 3.958      ;
; -3.025 ; clk_div:clk_div_inst|cnt[16] ; clk_div:clk_div_inst|clk_out ; clk_in       ; clk_in      ; 1.000        ; -0.081     ; 3.942      ;
; -2.921 ; clk_div:clk_div_inst|cnt[23] ; clk_div:clk_div_inst|clk_out ; clk_in       ; clk_in      ; 1.000        ; -0.080     ; 3.839      ;
; -2.842 ; clk_div:clk_div_inst|cnt[17] ; clk_div:clk_div_inst|clk_out ; clk_in       ; clk_in      ; 1.000        ; -0.080     ; 3.760      ;
; -2.831 ; clk_div:clk_div_inst|cnt[24] ; clk_div:clk_div_inst|clk_out ; clk_in       ; clk_in      ; 1.000        ; -0.080     ; 3.749      ;
; -2.673 ; clk_div:clk_div_inst|cnt[1]  ; clk_div:clk_div_inst|cnt[20] ; clk_in       ; clk_in      ; 1.000        ; -0.081     ; 3.590      ;
; -2.636 ; clk_div:clk_div_inst|cnt[1]  ; clk_div:clk_div_inst|cnt[24] ; clk_in       ; clk_in      ; 1.000        ; -0.082     ; 3.552      ;
; -2.604 ; clk_div:clk_div_inst|cnt[6]  ; clk_div:clk_div_inst|cnt[21] ; clk_in       ; clk_in      ; 1.000        ; -0.081     ; 3.521      ;
; -2.590 ; clk_div:clk_div_inst|cnt[6]  ; clk_div:clk_div_inst|cnt[20] ; clk_in       ; clk_in      ; 1.000        ; -0.081     ; 3.507      ;
; -2.585 ; clk_div:clk_div_inst|cnt[0]  ; clk_div:clk_div_inst|cnt[20] ; clk_in       ; clk_in      ; 1.000        ; -0.081     ; 3.502      ;
; -2.553 ; clk_div:clk_div_inst|cnt[6]  ; clk_div:clk_div_inst|cnt[24] ; clk_in       ; clk_in      ; 1.000        ; -0.082     ; 3.469      ;
; -2.548 ; clk_div:clk_div_inst|cnt[0]  ; clk_div:clk_div_inst|cnt[24] ; clk_in       ; clk_in      ; 1.000        ; -0.082     ; 3.464      ;
; -2.543 ; clk_div:clk_div_inst|cnt[3]  ; clk_div:clk_div_inst|cnt[20] ; clk_in       ; clk_in      ; 1.000        ; -0.081     ; 3.460      ;
; -2.543 ; clk_div:clk_div_inst|cnt[0]  ; clk_div:clk_div_inst|cnt[21] ; clk_in       ; clk_in      ; 1.000        ; -0.081     ; 3.460      ;
; -2.509 ; clk_div:clk_div_inst|cnt[11] ; clk_div:clk_div_inst|cnt[22] ; clk_in       ; clk_in      ; 1.000        ; -0.082     ; 3.425      ;
; -2.509 ; clk_div:clk_div_inst|cnt[11] ; clk_div:clk_div_inst|cnt[24] ; clk_in       ; clk_in      ; 1.000        ; -0.082     ; 3.425      ;
; -2.507 ; clk_div:clk_div_inst|cnt[11] ; clk_div:clk_div_inst|cnt[0]  ; clk_in       ; clk_in      ; 1.000        ; -0.081     ; 3.424      ;
; -2.506 ; clk_div:clk_div_inst|cnt[3]  ; clk_div:clk_div_inst|cnt[24] ; clk_in       ; clk_in      ; 1.000        ; -0.082     ; 3.422      ;
; -2.505 ; clk_div:clk_div_inst|cnt[1]  ; clk_div:clk_div_inst|cnt[22] ; clk_in       ; clk_in      ; 1.000        ; -0.082     ; 3.421      ;
; -2.495 ; clk_div:clk_div_inst|cnt[6]  ; clk_div:clk_div_inst|cnt[22] ; clk_in       ; clk_in      ; 1.000        ; -0.082     ; 3.411      ;
; -2.493 ; clk_div:clk_div_inst|cnt[6]  ; clk_div:clk_div_inst|cnt[0]  ; clk_in       ; clk_in      ; 1.000        ; -0.081     ; 3.410      ;
; -2.488 ; clk_div:clk_div_inst|cnt[1]  ; clk_div:clk_div_inst|cnt[0]  ; clk_in       ; clk_in      ; 1.000        ; -0.081     ; 3.405      ;
; -2.486 ; clk_div:clk_div_inst|cnt[1]  ; clk_div:clk_div_inst|cnt[21] ; clk_in       ; clk_in      ; 1.000        ; -0.081     ; 3.403      ;
; -2.480 ; clk_div:clk_div_inst|cnt[0]  ; clk_div:clk_div_inst|cnt[22] ; clk_in       ; clk_in      ; 1.000        ; -0.082     ; 3.396      ;
; -2.478 ; clk_div:clk_div_inst|cnt[0]  ; clk_div:clk_div_inst|cnt[0]  ; clk_in       ; clk_in      ; 1.000        ; -0.081     ; 3.395      ;
; -2.461 ; clk_div:clk_div_inst|cnt[6]  ; clk_div:clk_div_inst|cnt[19] ; clk_in       ; clk_in      ; 1.000        ; -0.082     ; 3.377      ;
; -2.456 ; clk_div:clk_div_inst|cnt[2]  ; clk_div:clk_div_inst|cnt[20] ; clk_in       ; clk_in      ; 1.000        ; -0.081     ; 3.373      ;
; -2.435 ; clk_div:clk_div_inst|cnt[11] ; clk_div:clk_div_inst|cnt[20] ; clk_in       ; clk_in      ; 1.000        ; -0.081     ; 3.352      ;
; -2.429 ; clk_div:clk_div_inst|cnt[11] ; clk_div:clk_div_inst|cnt[13] ; clk_in       ; clk_in      ; 1.000        ; -0.081     ; 3.346      ;
; -2.427 ; clk_div:clk_div_inst|cnt[11] ; clk_div:clk_div_inst|cnt[16] ; clk_in       ; clk_in      ; 1.000        ; -0.081     ; 3.344      ;
; -2.427 ; clk_div:clk_div_inst|cnt[1]  ; clk_div:clk_div_inst|cnt[18] ; clk_in       ; clk_in      ; 1.000        ; -0.081     ; 3.344      ;
; -2.426 ; clk_div:clk_div_inst|cnt[11] ; clk_div:clk_div_inst|cnt[21] ; clk_in       ; clk_in      ; 1.000        ; -0.081     ; 3.343      ;
; -2.426 ; clk_div:clk_div_inst|cnt[11] ; clk_div:clk_div_inst|cnt[18] ; clk_in       ; clk_in      ; 1.000        ; -0.081     ; 3.343      ;
; -2.419 ; clk_div:clk_div_inst|cnt[2]  ; clk_div:clk_div_inst|cnt[24] ; clk_in       ; clk_in      ; 1.000        ; -0.082     ; 3.335      ;
; -2.410 ; clk_div:clk_div_inst|cnt[5]  ; clk_div:clk_div_inst|cnt[20] ; clk_in       ; clk_in      ; 1.000        ; -0.081     ; 3.327      ;
; -2.407 ; clk_div:clk_div_inst|cnt[2]  ; clk_div:clk_div_inst|cnt[21] ; clk_in       ; clk_in      ; 1.000        ; -0.081     ; 3.324      ;
; -2.407 ; clk_div:clk_div_inst|cnt[6]  ; clk_div:clk_div_inst|cnt[13] ; clk_in       ; clk_in      ; 1.000        ; -0.081     ; 3.324      ;
; -2.405 ; clk_div:clk_div_inst|cnt[6]  ; clk_div:clk_div_inst|cnt[16] ; clk_in       ; clk_in      ; 1.000        ; -0.081     ; 3.322      ;
; -2.404 ; clk_div:clk_div_inst|cnt[6]  ; clk_div:clk_div_inst|cnt[18] ; clk_in       ; clk_in      ; 1.000        ; -0.081     ; 3.321      ;
; -2.400 ; clk_div:clk_div_inst|cnt[0]  ; clk_div:clk_div_inst|cnt[19] ; clk_in       ; clk_in      ; 1.000        ; -0.082     ; 3.316      ;
; -2.398 ; clk_div:clk_div_inst|cnt[1]  ; clk_div:clk_div_inst|cnt[6]  ; clk_in       ; clk_in      ; 1.000        ; -0.081     ; 3.315      ;
; -2.388 ; clk_div:clk_div_inst|cnt[8]  ; clk_div:clk_div_inst|cnt[22] ; clk_in       ; clk_in      ; 1.000        ; -0.082     ; 3.304      ;
; -2.388 ; clk_div:clk_div_inst|cnt[8]  ; clk_div:clk_div_inst|cnt[24] ; clk_in       ; clk_in      ; 1.000        ; -0.082     ; 3.304      ;
; -2.386 ; clk_div:clk_div_inst|cnt[8]  ; clk_div:clk_div_inst|cnt[0]  ; clk_in       ; clk_in      ; 1.000        ; -0.081     ; 3.303      ;
; -2.378 ; clk_div:clk_div_inst|cnt[1]  ; clk_div:clk_div_inst|cnt[19] ; clk_in       ; clk_in      ; 1.000        ; -0.082     ; 3.294      ;
; -2.375 ; clk_div:clk_div_inst|cnt[3]  ; clk_div:clk_div_inst|cnt[22] ; clk_in       ; clk_in      ; 1.000        ; -0.082     ; 3.291      ;
; -2.373 ; clk_div:clk_div_inst|cnt[5]  ; clk_div:clk_div_inst|cnt[24] ; clk_in       ; clk_in      ; 1.000        ; -0.082     ; 3.289      ;
; -2.369 ; clk_div:clk_div_inst|cnt[9]  ; clk_div:clk_div_inst|cnt[22] ; clk_in       ; clk_in      ; 1.000        ; -0.082     ; 3.285      ;
; -2.369 ; clk_div:clk_div_inst|cnt[9]  ; clk_div:clk_div_inst|cnt[24] ; clk_in       ; clk_in      ; 1.000        ; -0.082     ; 3.285      ;
; -2.367 ; clk_div:clk_div_inst|cnt[9]  ; clk_div:clk_div_inst|cnt[0]  ; clk_in       ; clk_in      ; 1.000        ; -0.081     ; 3.284      ;
; -2.367 ; clk_div:clk_div_inst|cnt[1]  ; clk_div:clk_div_inst|cnt[13] ; clk_in       ; clk_in      ; 1.000        ; -0.081     ; 3.284      ;
; -2.365 ; clk_div:clk_div_inst|cnt[1]  ; clk_div:clk_div_inst|cnt[16] ; clk_in       ; clk_in      ; 1.000        ; -0.081     ; 3.282      ;
; -2.364 ; clk_div:clk_div_inst|cnt[6]  ; clk_div:clk_div_inst|cnt[11] ; clk_in       ; clk_in      ; 1.000        ; -0.081     ; 3.281      ;
; -2.362 ; clk_div:clk_div_inst|cnt[10] ; clk_div:clk_div_inst|cnt[22] ; clk_in       ; clk_in      ; 1.000        ; -0.082     ; 3.278      ;
; -2.362 ; clk_div:clk_div_inst|cnt[10] ; clk_div:clk_div_inst|cnt[24] ; clk_in       ; clk_in      ; 1.000        ; -0.082     ; 3.278      ;
; -2.360 ; clk_div:clk_div_inst|cnt[10] ; clk_div:clk_div_inst|cnt[0]  ; clk_in       ; clk_in      ; 1.000        ; -0.081     ; 3.277      ;
; -2.357 ; clk_div:clk_div_inst|cnt[0]  ; clk_div:clk_div_inst|cnt[13] ; clk_in       ; clk_in      ; 1.000        ; -0.081     ; 3.274      ;
; -2.356 ; clk_div:clk_div_inst|cnt[3]  ; clk_div:clk_div_inst|cnt[21] ; clk_in       ; clk_in      ; 1.000        ; -0.081     ; 3.273      ;
; -2.355 ; clk_div:clk_div_inst|cnt[0]  ; clk_div:clk_div_inst|cnt[16] ; clk_in       ; clk_in      ; 1.000        ; -0.081     ; 3.272      ;
; -2.354 ; clk_div:clk_div_inst|cnt[0]  ; clk_div:clk_div_inst|cnt[18] ; clk_in       ; clk_in      ; 1.000        ; -0.081     ; 3.271      ;
; -2.322 ; clk_div:clk_div_inst|cnt[4]  ; clk_div:clk_div_inst|cnt[20] ; clk_in       ; clk_in      ; 1.000        ; -0.081     ; 3.239      ;
; -2.310 ; clk_div:clk_div_inst|cnt[0]  ; clk_div:clk_div_inst|cnt[6]  ; clk_in       ; clk_in      ; 1.000        ; -0.081     ; 3.227      ;
; -2.303 ; clk_div:clk_div_inst|cnt[0]  ; clk_div:clk_div_inst|cnt[11] ; clk_in       ; clk_in      ; 1.000        ; -0.081     ; 3.220      ;
; -2.299 ; clk_div:clk_div_inst|cnt[3]  ; clk_div:clk_div_inst|cnt[0]  ; clk_in       ; clk_in      ; 1.000        ; -0.081     ; 3.216      ;
; -2.297 ; clk_div:clk_div_inst|cnt[3]  ; clk_div:clk_div_inst|cnt[18] ; clk_in       ; clk_in      ; 1.000        ; -0.081     ; 3.214      ;
; -2.288 ; clk_div:clk_div_inst|cnt[2]  ; clk_div:clk_div_inst|cnt[22] ; clk_in       ; clk_in      ; 1.000        ; -0.082     ; 3.204      ;
; -2.285 ; clk_div:clk_div_inst|cnt[4]  ; clk_div:clk_div_inst|cnt[24] ; clk_in       ; clk_in      ; 1.000        ; -0.082     ; 3.201      ;
; -2.280 ; clk_div:clk_div_inst|cnt[4]  ; clk_div:clk_div_inst|cnt[21] ; clk_in       ; clk_in      ; 1.000        ; -0.081     ; 3.197      ;
; -2.277 ; clk_div:clk_div_inst|cnt[7]  ; clk_div:clk_div_inst|cnt[20] ; clk_in       ; clk_in      ; 1.000        ; -0.081     ; 3.194      ;
; -2.277 ; clk_div:clk_div_inst|cnt[7]  ; clk_div:clk_div_inst|cnt[22] ; clk_in       ; clk_in      ; 1.000        ; -0.082     ; 3.193      ;
; -2.277 ; clk_div:clk_div_inst|cnt[7]  ; clk_div:clk_div_inst|cnt[24] ; clk_in       ; clk_in      ; 1.000        ; -0.082     ; 3.193      ;
; -2.275 ; clk_div:clk_div_inst|cnt[7]  ; clk_div:clk_div_inst|cnt[0]  ; clk_in       ; clk_in      ; 1.000        ; -0.081     ; 3.192      ;
; -2.269 ; clk_div:clk_div_inst|cnt[4]  ; clk_div:clk_div_inst|cnt[22] ; clk_in       ; clk_in      ; 1.000        ; -0.082     ; 3.185      ;
; -2.268 ; clk_div:clk_div_inst|cnt[3]  ; clk_div:clk_div_inst|cnt[6]  ; clk_in       ; clk_in      ; 1.000        ; -0.081     ; 3.185      ;
; -2.267 ; clk_div:clk_div_inst|cnt[1]  ; clk_div:clk_div_inst|cnt[14] ; clk_in       ; clk_in      ; 1.000        ; -0.081     ; 3.184      ;
; -2.267 ; clk_div:clk_div_inst|cnt[4]  ; clk_div:clk_div_inst|cnt[0]  ; clk_in       ; clk_in      ; 1.000        ; -0.081     ; 3.184      ;
; -2.266 ; clk_div:clk_div_inst|cnt[8]  ; clk_div:clk_div_inst|cnt[13] ; clk_in       ; clk_in      ; 1.000        ; -0.081     ; 3.183      ;
; -2.264 ; clk_div:clk_div_inst|cnt[8]  ; clk_div:clk_div_inst|cnt[16] ; clk_in       ; clk_in      ; 1.000        ; -0.081     ; 3.181      ;
; -2.264 ; clk_div:clk_div_inst|cnt[2]  ; clk_div:clk_div_inst|cnt[19] ; clk_in       ; clk_in      ; 1.000        ; -0.082     ; 3.180      ;
; -2.263 ; clk_div:clk_div_inst|cnt[8]  ; clk_div:clk_div_inst|cnt[21] ; clk_in       ; clk_in      ; 1.000        ; -0.081     ; 3.180      ;
+--------+------------------------------+------------------------------+--------------+-------------+--------------+------------+------------+


+-----------------------------------------------------------------------------------------------------------------------------------------------------------------------------------------------+
; Slow 1200mV 85C Model Setup: 'clk_div:clk_div_inst|clk_out'                                                                                                                                   ;
+--------+---------------------------------------+---------------------------------------+------------------------------+------------------------------+--------------+------------+------------+
; Slack  ; From Node                             ; To Node                               ; Launch Clock                 ; Latch Clock                  ; Relationship ; Clock Skew ; Data Delay ;
+--------+---------------------------------------+---------------------------------------+------------------------------+------------------------------+--------------+------------+------------+
; -0.202 ; counter_demo:counter_demo_inst|cnt[0] ; counter_demo:counter_demo_inst|cnt[3] ; clk_div:clk_div_inst|clk_out ; clk_div:clk_div_inst|clk_out ; 1.000        ; -0.079     ; 1.121      ;
; -0.188 ; counter_demo:counter_demo_inst|cnt[1] ; counter_demo:counter_demo_inst|cnt[2] ; clk_div:clk_div_inst|clk_out ; clk_div:clk_div_inst|clk_out ; 1.000        ; -0.079     ; 1.107      ;
; -0.186 ; counter_demo:counter_demo_inst|cnt[2] ; counter_demo:counter_demo_inst|cnt[3] ; clk_div:clk_div_inst|clk_out ; clk_div:clk_div_inst|clk_out ; 1.000        ; -0.079     ; 1.105      ;
; 0.074  ; counter_demo:counter_demo_inst|cnt[0] ; counter_demo:counter_demo_inst|cnt[1] ; clk_div:clk_div_inst|clk_out ; clk_div:clk_div_inst|clk_out ; 1.000        ; -0.079     ; 0.845      ;
; 0.074  ; counter_demo:counter_demo_inst|cnt[0] ; counter_demo:counter_demo_inst|cnt[2] ; clk_div:clk_div_inst|clk_out ; clk_div:clk_div_inst|clk_out ; 1.000        ; -0.079     ; 0.845      ;
; 0.082  ; counter_demo:counter_demo_inst|cnt[1] ; counter_demo:counter_demo_inst|cnt[3] ; clk_div:clk_div_inst|clk_out ; clk_div:clk_div_inst|clk_out ; 1.000        ; -0.079     ; 0.837      ;
; 0.154  ; counter_demo:counter_demo_inst|cnt[0] ; counter_demo:counter_demo_inst|cnt[0] ; clk_div:clk_div_inst|clk_out ; clk_div:clk_div_inst|clk_out ; 1.000        ; -0.079     ; 0.765      ;
; 0.154  ; counter_demo:counter_demo_inst|cnt[3] ; counter_demo:counter_demo_inst|cnt[3] ; clk_div:clk_div_inst|clk_out ; clk_div:clk_div_inst|clk_out ; 1.000        ; -0.079     ; 0.765      ;
; 0.154  ; counter_demo:counter_demo_inst|cnt[2] ; counter_demo:counter_demo_inst|cnt[2] ; clk_div:clk_div_inst|clk_out ; clk_div:clk_div_inst|clk_out ; 1.000        ; -0.079     ; 0.765      ;
; 0.154  ; counter_demo:counter_demo_inst|cnt[1] ; counter_demo:counter_demo_inst|cnt[1] ; clk_div:clk_div_inst|clk_out ; clk_div:clk_div_inst|clk_out ; 1.000        ; -0.079     ; 0.765      ;
+--------+---------------------------------------+---------------------------------------+------------------------------+------------------------------+--------------+------------+------------+


+----------------------------------------------------------------------------------------------------------------------------------------------------------------------------------------------+
; Slow 1200mV 85C Model Hold: 'clk_div:clk_div_inst|clk_out'                                                                                                                                   ;
+-------+---------------------------------------+---------------------------------------+------------------------------+------------------------------+--------------+------------+------------+
; Slack ; From Node                             ; To Node                               ; Launch Clock                 ; Latch Clock                  ; Relationship ; Clock Skew ; Data Delay ;
+-------+---------------------------------------+---------------------------------------+------------------------------+------------------------------+--------------+------------+------------+
; 0.404 ; counter_demo:counter_demo_inst|cnt[3] ; counter_demo:counter_demo_inst|cnt[3] ; clk_div:clk_div_inst|clk_out ; clk_div:clk_div_inst|clk_out ; 0.000        ; 0.079      ; 0.669      ;
; 0.404 ; counter_demo:counter_demo_inst|cnt[2] ; counter_demo:counter_demo_inst|cnt[2] ; clk_div:clk_div_inst|clk_out ; clk_div:clk_div_inst|clk_out ; 0.000        ; 0.079      ; 0.669      ;
; 0.404 ; counter_demo:counter_demo_inst|cnt[1] ; counter_demo:counter_demo_inst|cnt[1] ; clk_div:clk_div_inst|clk_out ; clk_div:clk_div_inst|clk_out ; 0.000        ; 0.079      ; 0.669      ;
; 0.409 ; counter_demo:counter_demo_inst|cnt[0] ; counter_demo:counter_demo_inst|cnt[0] ; clk_div:clk_div_inst|clk_out ; clk_div:clk_div_inst|clk_out ; 0.000        ; 0.079      ; 0.674      ;
; 0.454 ; counter_demo:counter_demo_inst|cnt[1] ; counter_demo:counter_demo_inst|cnt[3] ; clk_div:clk_div_inst|clk_out ; clk_div:clk_div_inst|clk_out ; 0.000        ; 0.079      ; 0.719      ;
; 0.459 ; counter_demo:counter_demo_inst|cnt[0] ; counter_demo:counter_demo_inst|cnt[2] ; clk_div:clk_div_inst|clk_out ; clk_div:clk_div_inst|clk_out ; 0.000        ; 0.079      ; 0.724      ;
; 0.459 ; counter_demo:counter_demo_inst|cnt[0] ; counter_demo:counter_demo_inst|cnt[1] ; clk_div:clk_div_inst|clk_out ; clk_div:clk_div_inst|clk_out ; 0.000        ; 0.079      ; 0.724      ;
; 0.666 ; counter_demo:counter_demo_inst|cnt[2] ; counter_demo:counter_demo_inst|cnt[3] ; clk_div:clk_div_inst|clk_out ; clk_div:clk_div_inst|clk_out ; 0.000        ; 0.079      ; 0.931      ;
; 0.666 ; counter_demo:counter_demo_inst|cnt[1] ; counter_demo:counter_demo_inst|cnt[2] ; clk_div:clk_div_inst|clk_out ; clk_div:clk_div_inst|clk_out ; 0.000        ; 0.079      ; 0.931      ;
; 0.677 ; counter_demo:counter_demo_inst|cnt[0] ; counter_demo:counter_demo_inst|cnt[3] ; clk_div:clk_div_inst|clk_out ; clk_div:clk_div_inst|clk_out ; 0.000        ; 0.079      ; 0.942      ;
+-------+---------------------------------------+---------------------------------------+------------------------------+------------------------------+--------------+------------+------------+


+-----------------------------------------------------------------------------------------------------------------------------------------------------------+
; Slow 1200mV 85C Model Hold: 'clk_in'                                                                                                                      ;
+-------+------------------------------+------------------------------+------------------------------+-------------+--------------+------------+------------+
; Slack ; From Node                    ; To Node                      ; Launch Clock                 ; Latch Clock ; Relationship ; Clock Skew ; Data Delay ;
+-------+------------------------------+------------------------------+------------------------------+-------------+--------------+------------+------------+
; 0.639 ; clk_div:clk_div_inst|cnt[9]  ; clk_div:clk_div_inst|cnt[9]  ; clk_in                       ; clk_in      ; 0.000        ; 0.081      ; 0.906      ;
; 0.640 ; clk_div:clk_div_inst|cnt[7]  ; clk_div:clk_div_inst|cnt[7]  ; clk_in                       ; clk_in      ; 0.000        ; 0.081      ; 0.907      ;
; 0.641 ; clk_div:clk_div_inst|cnt[1]  ; clk_div:clk_div_inst|cnt[1]  ; clk_in                       ; clk_in      ; 0.000        ; 0.081      ; 0.908      ;
; 0.642 ; clk_div:clk_div_inst|cnt[2]  ; clk_div:clk_div_inst|cnt[2]  ; clk_in                       ; clk_in      ; 0.000        ; 0.081      ; 0.909      ;
; 0.643 ; clk_div:clk_div_inst|cnt[5]  ; clk_div:clk_div_inst|cnt[5]  ; clk_in                       ; clk_in      ; 0.000        ; 0.081      ; 0.910      ;
; 0.643 ; clk_div:clk_div_inst|cnt[3]  ; clk_div:clk_div_inst|cnt[3]  ; clk_in                       ; clk_in      ; 0.000        ; 0.081      ; 0.910      ;
; 0.644 ; clk_div:clk_div_inst|cnt[10] ; clk_div:clk_div_inst|cnt[10] ; clk_in                       ; clk_in      ; 0.000        ; 0.081      ; 0.911      ;
; 0.646 ; clk_div:clk_div_inst|cnt[4]  ; clk_div:clk_div_inst|cnt[4]  ; clk_in                       ; clk_in      ; 0.000        ; 0.081      ; 0.913      ;
; 0.655 ; clk_div:clk_div_inst|cnt[15] ; clk_div:clk_div_inst|cnt[15] ; clk_in                       ; clk_in      ; 0.000        ; 0.081      ; 0.922      ;
; 0.655 ; clk_div:clk_div_inst|cnt[17] ; clk_div:clk_div_inst|cnt[17] ; clk_in                       ; clk_in      ; 0.000        ; 0.081      ; 0.922      ;
; 0.656 ; clk_div:clk_div_inst|cnt[23] ; clk_div:clk_div_inst|cnt[23] ; clk_in                       ; clk_in      ; 0.000        ; 0.081      ; 0.923      ;
; 0.660 ; clk_div:clk_div_inst|cnt[8]  ; clk_div:clk_div_inst|cnt[8]  ; clk_in                       ; clk_in      ; 0.000        ; 0.081      ; 0.927      ;
; 0.779 ; clk_div:clk_div_inst|cnt[24] ; clk_div:clk_div_inst|cnt[24] ; clk_in                       ; clk_in      ; 0.000        ; 0.081      ; 1.046      ;
; 0.957 ; clk_div:clk_div_inst|cnt[9]  ; clk_div:clk_div_inst|cnt[10] ; clk_in                       ; clk_in      ; 0.000        ; 0.081      ; 1.224      ;
; 0.958 ; clk_div:clk_div_inst|cnt[7]  ; clk_div:clk_div_inst|cnt[8]  ; clk_in                       ; clk_in      ; 0.000        ; 0.081      ; 1.225      ;
; 0.959 ; clk_div:clk_div_inst|cnt[1]  ; clk_div:clk_div_inst|cnt[2]  ; clk_in                       ; clk_in      ; 0.000        ; 0.081      ; 1.226      ;
; 0.960 ; clk_div:clk_div_inst|cnt[3]  ; clk_div:clk_div_inst|cnt[4]  ; clk_in                       ; clk_in      ; 0.000        ; 0.081      ; 1.227      ;
; 0.969 ; clk_div:clk_div_inst|cnt[2]  ; clk_div:clk_div_inst|cnt[3]  ; clk_in                       ; clk_in      ; 0.000        ; 0.081      ; 1.236      ;
; 0.972 ; clk_div:clk_div_inst|cnt[0]  ; clk_div:clk_div_inst|cnt[1]  ; clk_in                       ; clk_in      ; 0.000        ; 0.081      ; 1.239      ;
; 0.973 ; clk_div:clk_div_inst|cnt[4]  ; clk_div:clk_div_inst|cnt[5]  ; clk_in                       ; clk_in      ; 0.000        ; 0.081      ; 1.240      ;
; 0.974 ; clk_div:clk_div_inst|cnt[2]  ; clk_div:clk_div_inst|cnt[4]  ; clk_in                       ; clk_in      ; 0.000        ; 0.081      ; 1.241      ;
; 0.977 ; clk_div:clk_div_inst|cnt[0]  ; clk_div:clk_div_inst|cnt[2]  ; clk_in                       ; clk_in      ; 0.000        ; 0.081      ; 1.244      ;
; 0.984 ; clk_div:clk_div_inst|cnt[22] ; clk_div:clk_div_inst|cnt[23] ; clk_in                       ; clk_in      ; 0.000        ; 0.081      ; 1.251      ;
; 0.987 ; clk_div:clk_div_inst|cnt[8]  ; clk_div:clk_div_inst|cnt[9]  ; clk_in                       ; clk_in      ; 0.000        ; 0.081      ; 1.254      ;
; 0.992 ; clk_div:clk_div_inst|cnt[8]  ; clk_div:clk_div_inst|cnt[10] ; clk_in                       ; clk_in      ; 0.000        ; 0.081      ; 1.259      ;
; 1.002 ; clk_div:clk_div_inst|cnt[22] ; clk_div:clk_div_inst|cnt[22] ; clk_in                       ; clk_in      ; 0.000        ; 0.081      ; 1.269      ;
; 1.079 ; clk_div:clk_div_inst|cnt[7]  ; clk_div:clk_div_inst|cnt[9]  ; clk_in                       ; clk_in      ; 0.000        ; 0.081      ; 1.346      ;
; 1.080 ; clk_div:clk_div_inst|cnt[1]  ; clk_div:clk_div_inst|cnt[3]  ; clk_in                       ; clk_in      ; 0.000        ; 0.081      ; 1.347      ;
; 1.081 ; clk_div:clk_div_inst|cnt[5]  ; clk_div:clk_div_inst|cnt[7]  ; clk_in                       ; clk_in      ; 0.000        ; 0.081      ; 1.348      ;
; 1.081 ; clk_div:clk_div_inst|cnt[3]  ; clk_div:clk_div_inst|cnt[5]  ; clk_in                       ; clk_in      ; 0.000        ; 0.081      ; 1.348      ;
; 1.084 ; clk_div:clk_div_inst|cnt[7]  ; clk_div:clk_div_inst|cnt[10] ; clk_in                       ; clk_in      ; 0.000        ; 0.081      ; 1.351      ;
; 1.085 ; clk_div:clk_div_inst|cnt[1]  ; clk_div:clk_div_inst|cnt[4]  ; clk_in                       ; clk_in      ; 0.000        ; 0.081      ; 1.352      ;
; 1.086 ; clk_div:clk_div_inst|cnt[5]  ; clk_div:clk_div_inst|cnt[8]  ; clk_in                       ; clk_in      ; 0.000        ; 0.081      ; 1.353      ;
; 1.094 ; clk_div:clk_div_inst|cnt[15] ; clk_div:clk_div_inst|cnt[17] ; clk_in                       ; clk_in      ; 0.000        ; 0.081      ; 1.361      ;
; 1.095 ; clk_div:clk_div_inst|cnt[2]  ; clk_div:clk_div_inst|cnt[5]  ; clk_in                       ; clk_in      ; 0.000        ; 0.081      ; 1.362      ;
; 1.098 ; clk_div:clk_div_inst|cnt[0]  ; clk_div:clk_div_inst|cnt[3]  ; clk_in                       ; clk_in      ; 0.000        ; 0.081      ; 1.365      ;
; 1.099 ; clk_div:clk_div_inst|cnt[4]  ; clk_div:clk_div_inst|cnt[7]  ; clk_in                       ; clk_in      ; 0.000        ; 0.081      ; 1.366      ;
; 1.103 ; clk_div:clk_div_inst|cnt[0]  ; clk_div:clk_div_inst|cnt[4]  ; clk_in                       ; clk_in      ; 0.000        ; 0.081      ; 1.370      ;
; 1.104 ; clk_div:clk_div_inst|cnt[4]  ; clk_div:clk_div_inst|cnt[8]  ; clk_in                       ; clk_in      ; 0.000        ; 0.081      ; 1.371      ;
; 1.128 ; clk_div:clk_div_inst|cnt[19] ; clk_div:clk_div_inst|cnt[19] ; clk_in                       ; clk_in      ; 0.000        ; 0.081      ; 1.395      ;
; 1.154 ; clk_div:clk_div_inst|cnt[16] ; clk_div:clk_div_inst|cnt[17] ; clk_in                       ; clk_in      ; 0.000        ; 0.080      ; 1.420      ;
; 1.159 ; clk_div:clk_div_inst|cnt[0]  ; clk_div:clk_div_inst|cnt[0]  ; clk_in                       ; clk_in      ; 0.000        ; 0.081      ; 1.426      ;
; 1.194 ; clk_div:clk_div_inst|cnt[14] ; clk_div:clk_div_inst|cnt[15] ; clk_in                       ; clk_in      ; 0.000        ; 0.080      ; 1.460      ;
; 1.206 ; clk_div:clk_div_inst|cnt[1]  ; clk_div:clk_div_inst|cnt[5]  ; clk_in                       ; clk_in      ; 0.000        ; 0.081      ; 1.473      ;
; 1.207 ; clk_div:clk_div_inst|cnt[5]  ; clk_div:clk_div_inst|cnt[9]  ; clk_in                       ; clk_in      ; 0.000        ; 0.081      ; 1.474      ;
; 1.207 ; clk_div:clk_div_inst|cnt[3]  ; clk_div:clk_div_inst|cnt[7]  ; clk_in                       ; clk_in      ; 0.000        ; 0.081      ; 1.474      ;
; 1.212 ; clk_div:clk_div_inst|cnt[5]  ; clk_div:clk_div_inst|cnt[10] ; clk_in                       ; clk_in      ; 0.000        ; 0.081      ; 1.479      ;
; 1.212 ; clk_div:clk_div_inst|cnt[3]  ; clk_div:clk_div_inst|cnt[8]  ; clk_in                       ; clk_in      ; 0.000        ; 0.081      ; 1.479      ;
; 1.221 ; clk_div:clk_div_inst|cnt[19] ; clk_div:clk_div_inst|cnt[23] ; clk_in                       ; clk_in      ; 0.000        ; 0.081      ; 1.488      ;
; 1.221 ; clk_div:clk_div_inst|cnt[2]  ; clk_div:clk_div_inst|cnt[7]  ; clk_in                       ; clk_in      ; 0.000        ; 0.081      ; 1.488      ;
; 1.224 ; clk_div:clk_div_inst|cnt[10] ; clk_div:clk_div_inst|cnt[15] ; clk_in                       ; clk_in      ; 0.000        ; 0.080      ; 1.490      ;
; 1.224 ; clk_div:clk_div_inst|cnt[0]  ; clk_div:clk_div_inst|cnt[5]  ; clk_in                       ; clk_in      ; 0.000        ; 0.081      ; 1.491      ;
; 1.225 ; clk_div:clk_div_inst|cnt[4]  ; clk_div:clk_div_inst|cnt[9]  ; clk_in                       ; clk_in      ; 0.000        ; 0.081      ; 1.492      ;
; 1.226 ; clk_div:clk_div_inst|cnt[2]  ; clk_div:clk_div_inst|cnt[8]  ; clk_in                       ; clk_in      ; 0.000        ; 0.081      ; 1.493      ;
; 1.230 ; clk_div:clk_div_inst|cnt[4]  ; clk_div:clk_div_inst|cnt[10] ; clk_in                       ; clk_in      ; 0.000        ; 0.081      ; 1.497      ;
; 1.262 ; clk_div:clk_div_inst|cnt[21] ; clk_div:clk_div_inst|cnt[23] ; clk_in                       ; clk_in      ; 0.000        ; 0.080      ; 1.528      ;
; 1.264 ; clk_div:clk_div_inst|clk_out ; clk_div:clk_div_inst|clk_out ; clk_div:clk_div_inst|clk_out ; clk_in      ; 0.000        ; 3.077      ; 4.789      ;
; 1.277 ; clk_div:clk_div_inst|cnt[12] ; clk_div:clk_div_inst|cnt[15] ; clk_in                       ; clk_in      ; 0.000        ; 0.080      ; 1.543      ;
; 1.288 ; clk_div:clk_div_inst|cnt[13] ; clk_div:clk_div_inst|cnt[15] ; clk_in                       ; clk_in      ; 0.000        ; 0.080      ; 1.554      ;
; 1.319 ; clk_div:clk_div_inst|cnt[23] ; clk_div:clk_div_inst|cnt[24] ; clk_in                       ; clk_in      ; 0.000        ; 0.081      ; 1.586      ;
; 1.319 ; clk_div:clk_div_inst|cnt[20] ; clk_div:clk_div_inst|cnt[23] ; clk_in                       ; clk_in      ; 0.000        ; 0.080      ; 1.585      ;
; 1.320 ; clk_div:clk_div_inst|cnt[14] ; clk_div:clk_div_inst|cnt[17] ; clk_in                       ; clk_in      ; 0.000        ; 0.080      ; 1.586      ;
; 1.323 ; clk_div:clk_div_inst|cnt[16] ; clk_div:clk_div_inst|cnt[16] ; clk_in                       ; clk_in      ; 0.000        ; 0.081      ; 1.590      ;
; 1.323 ; clk_div:clk_div_inst|cnt[21] ; clk_div:clk_div_inst|cnt[21] ; clk_in                       ; clk_in      ; 0.000        ; 0.081      ; 1.590      ;
; 1.331 ; clk_div:clk_div_inst|cnt[9]  ; clk_div:clk_div_inst|cnt[15] ; clk_in                       ; clk_in      ; 0.000        ; 0.080      ; 1.597      ;
; 1.332 ; clk_div:clk_div_inst|cnt[1]  ; clk_div:clk_div_inst|cnt[7]  ; clk_in                       ; clk_in      ; 0.000        ; 0.081      ; 1.599      ;
; 1.333 ; clk_div:clk_div_inst|cnt[3]  ; clk_div:clk_div_inst|cnt[9]  ; clk_in                       ; clk_in      ; 0.000        ; 0.081      ; 1.600      ;
; 1.334 ; clk_div:clk_div_inst|cnt[22] ; clk_div:clk_div_inst|cnt[24] ; clk_in                       ; clk_in      ; 0.000        ; 0.081      ; 1.601      ;
; 1.337 ; clk_div:clk_div_inst|cnt[1]  ; clk_div:clk_div_inst|cnt[8]  ; clk_in                       ; clk_in      ; 0.000        ; 0.081      ; 1.604      ;
; 1.338 ; clk_div:clk_div_inst|cnt[3]  ; clk_div:clk_div_inst|cnt[10] ; clk_in                       ; clk_in      ; 0.000        ; 0.081      ; 1.605      ;
; 1.346 ; clk_div:clk_div_inst|cnt[17] ; clk_div:clk_div_inst|cnt[23] ; clk_in                       ; clk_in      ; 0.000        ; 0.081      ; 1.613      ;
; 1.347 ; clk_div:clk_div_inst|cnt[2]  ; clk_div:clk_div_inst|cnt[9]  ; clk_in                       ; clk_in      ; 0.000        ; 0.081      ; 1.614      ;
; 1.350 ; clk_div:clk_div_inst|cnt[10] ; clk_div:clk_div_inst|cnt[17] ; clk_in                       ; clk_in      ; 0.000        ; 0.080      ; 1.616      ;
; 1.350 ; clk_div:clk_div_inst|cnt[0]  ; clk_div:clk_div_inst|cnt[7]  ; clk_in                       ; clk_in      ; 0.000        ; 0.081      ; 1.617      ;
; 1.352 ; clk_div:clk_div_inst|cnt[2]  ; clk_div:clk_div_inst|cnt[10] ; clk_in                       ; clk_in      ; 0.000        ; 0.081      ; 1.619      ;
; 1.355 ; clk_div:clk_div_inst|cnt[0]  ; clk_div:clk_div_inst|cnt[8]  ; clk_in                       ; clk_in      ; 0.000        ; 0.081      ; 1.622      ;
; 1.366 ; clk_div:clk_div_inst|cnt[8]  ; clk_div:clk_div_inst|cnt[15] ; clk_in                       ; clk_in      ; 0.000        ; 0.080      ; 1.632      ;
; 1.382 ; clk_div:clk_div_inst|cnt[13] ; clk_div:clk_div_inst|cnt[13] ; clk_in                       ; clk_in      ; 0.000        ; 0.081      ; 1.649      ;
; 1.397 ; clk_div:clk_div_inst|cnt[18] ; clk_div:clk_div_inst|cnt[18] ; clk_in                       ; clk_in      ; 0.000        ; 0.081      ; 1.664      ;
; 1.399 ; clk_div:clk_div_inst|cnt[6]  ; clk_div:clk_div_inst|cnt[7]  ; clk_in                       ; clk_in      ; 0.000        ; 0.081      ; 1.666      ;
; 1.403 ; clk_div:clk_div_inst|cnt[12] ; clk_div:clk_div_inst|cnt[17] ; clk_in                       ; clk_in      ; 0.000        ; 0.080      ; 1.669      ;
; 1.414 ; clk_div:clk_div_inst|cnt[13] ; clk_div:clk_div_inst|cnt[17] ; clk_in                       ; clk_in      ; 0.000        ; 0.080      ; 1.680      ;
; 1.417 ; clk_div:clk_div_inst|cnt[6]  ; clk_div:clk_div_inst|cnt[8]  ; clk_in                       ; clk_in      ; 0.000        ; 0.081      ; 1.684      ;
; 1.445 ; clk_div:clk_div_inst|cnt[19] ; clk_div:clk_div_inst|cnt[22] ; clk_in                       ; clk_in      ; 0.000        ; 0.081      ; 1.712      ;
; 1.454 ; clk_div:clk_div_inst|cnt[18] ; clk_div:clk_div_inst|cnt[23] ; clk_in                       ; clk_in      ; 0.000        ; 0.080      ; 1.720      ;
; 1.457 ; clk_div:clk_div_inst|cnt[9]  ; clk_div:clk_div_inst|cnt[17] ; clk_in                       ; clk_in      ; 0.000        ; 0.080      ; 1.723      ;
; 1.458 ; clk_div:clk_div_inst|cnt[1]  ; clk_div:clk_div_inst|cnt[9]  ; clk_in                       ; clk_in      ; 0.000        ; 0.081      ; 1.725      ;
; 1.458 ; clk_div:clk_div_inst|cnt[7]  ; clk_div:clk_div_inst|cnt[15] ; clk_in                       ; clk_in      ; 0.000        ; 0.080      ; 1.724      ;
; 1.463 ; clk_div:clk_div_inst|cnt[1]  ; clk_div:clk_div_inst|cnt[10] ; clk_in                       ; clk_in      ; 0.000        ; 0.081      ; 1.730      ;
; 1.470 ; clk_div:clk_div_inst|cnt[15] ; clk_div:clk_div_inst|cnt[16] ; clk_in                       ; clk_in      ; 0.000        ; 0.082      ; 1.738      ;
; 1.472 ; clk_div:clk_div_inst|cnt[15] ; clk_div:clk_div_inst|cnt[23] ; clk_in                       ; clk_in      ; 0.000        ; 0.081      ; 1.739      ;
; 1.476 ; clk_div:clk_div_inst|cnt[0]  ; clk_div:clk_div_inst|cnt[9]  ; clk_in                       ; clk_in      ; 0.000        ; 0.081      ; 1.743      ;
; 1.477 ; clk_div:clk_div_inst|cnt[12] ; clk_div:clk_div_inst|cnt[12] ; clk_in                       ; clk_in      ; 0.000        ; 0.081      ; 1.744      ;
; 1.478 ; clk_div:clk_div_inst|cnt[24] ; clk_div:clk_div_inst|cnt[14] ; clk_in                       ; clk_in      ; 0.000        ; 0.082      ; 1.746      ;
; 1.479 ; clk_div:clk_div_inst|cnt[24] ; clk_div:clk_div_inst|cnt[20] ; clk_in                       ; clk_in      ; 0.000        ; 0.082      ; 1.747      ;
; 1.480 ; clk_div:clk_div_inst|cnt[24] ; clk_div:clk_div_inst|cnt[11] ; clk_in                       ; clk_in      ; 0.000        ; 0.082      ; 1.748      ;
; 1.480 ; clk_div:clk_div_inst|cnt[24] ; clk_div:clk_div_inst|cnt[12] ; clk_in                       ; clk_in      ; 0.000        ; 0.082      ; 1.748      ;
; 1.481 ; clk_div:clk_div_inst|cnt[24] ; clk_div:clk_div_inst|cnt[6]  ; clk_in                       ; clk_in      ; 0.000        ; 0.082      ; 1.749      ;
; 1.481 ; clk_div:clk_div_inst|cnt[0]  ; clk_div:clk_div_inst|cnt[10] ; clk_in                       ; clk_in      ; 0.000        ; 0.081      ; 1.748      ;
; 1.486 ; clk_div:clk_div_inst|cnt[21] ; clk_div:clk_div_inst|cnt[22] ; clk_in                       ; clk_in      ; 0.000        ; 0.080      ; 1.752      ;
+-------+------------------------------+------------------------------+------------------------------+-------------+--------------+------------+------------+


-----------------------------------------------
; Slow 1200mV 85C Model Metastability Summary ;
-----------------------------------------------
No synchronizer chains to report.


+--------------------------------------------------------------------------------------------------------------+
; Slow 1200mV 0C Model Fmax Summary                                                                            ;
+------------+-----------------+------------------------------+------------------------------------------------+
; Fmax       ; Restricted Fmax ; Clock Name                   ; Note                                           ;
+------------+-----------------+------------------------------+------------------------------------------------+
; 218.77 MHz ; 218.77 MHz      ; clk_in                       ;                                                ;
; 923.36 MHz ; 437.64 MHz      ; clk_div:clk_div_inst|clk_out ; limit due to minimum period restriction (tmin) ;
+------------+-----------------+------------------------------+------------------------------------------------+
This panel reports FMAX for every clock in the design, regardless of the user-specified clock periods.  FMAX is only computed for paths where the source and destination registers or ports are driven by the same clock.  Paths of different clocks, including generated clocks, are ignored.  For paths between a clock and its inversion, FMAX is computed as if the rising and falling edges are scaled along with FMAX, such that the duty cycle (in terms of a percentage) is maintained. Altera recommends that you always use clock constraints and other slack reports for sign-off analysis.


+-------------------------------------------------------+
; Slow 1200mV 0C Model Setup Summary                    ;
+------------------------------+--------+---------------+
; Clock                        ; Slack  ; End Point TNS ;
+------------------------------+--------+---------------+
; clk_in                       ; -3.571 ; -43.860       ;
; clk_div:clk_div_inst|clk_out ; -0.083 ; -0.153        ;
+------------------------------+--------+---------------+


+------------------------------------------------------+
; Slow 1200mV 0C Model Hold Summary                    ;
+------------------------------+-------+---------------+
; Clock                        ; Slack ; End Point TNS ;
+------------------------------+-------+---------------+
; clk_div:clk_div_inst|clk_out ; 0.355 ; 0.000         ;
; clk_in                       ; 0.585 ; 0.000         ;
+------------------------------+-------+---------------+


-----------------------------------------
; Slow 1200mV 0C Model Recovery Summary ;
-----------------------------------------
No paths to report.


----------------------------------------
; Slow 1200mV 0C Model Removal Summary ;
----------------------------------------
No paths to report.


+-------------------------------------------------------+
; Slow 1200mV 0C Model Minimum Pulse Width Summary      ;
+------------------------------+--------+---------------+
; Clock                        ; Slack  ; End Point TNS ;
+------------------------------+--------+---------------+
; clk_in                       ; -3.000 ; -36.410       ;
; clk_div:clk_div_inst|clk_out ; -1.285 ; -5.140        ;
+------------------------------+--------+---------------+


+--------------------------------------------------------------------------------------------------------------------------------------------+
; Slow 1200mV 0C Model Setup: 'clk_in'                                                                                                       ;
+--------+------------------------------+------------------------------+--------------+-------------+--------------+------------+------------+
; Slack  ; From Node                    ; To Node                      ; Launch Clock ; Latch Clock ; Relationship ; Clock Skew ; Data Delay ;
+--------+------------------------------+------------------------------+--------------+-------------+--------------+------------+------------+
; -3.571 ; clk_div:clk_div_inst|cnt[11] ; clk_div:clk_div_inst|clk_out ; clk_in       ; clk_in      ; 1.000        ; -0.072     ; 4.498      ;
; -3.565 ; clk_div:clk_div_inst|cnt[6]  ; clk_div:clk_div_inst|clk_out ; clk_in       ; clk_in      ; 1.000        ; -0.072     ; 4.492      ;
; -3.510 ; clk_div:clk_div_inst|cnt[1]  ; clk_div:clk_div_inst|clk_out ; clk_in       ; clk_in      ; 1.000        ; -0.072     ; 4.437      ;
; -3.502 ; clk_div:clk_div_inst|cnt[0]  ; clk_div:clk_div_inst|clk_out ; clk_in       ; clk_in      ; 1.000        ; -0.072     ; 4.429      ;
; -3.427 ; clk_div:clk_div_inst|cnt[8]  ; clk_div:clk_div_inst|clk_out ; clk_in       ; clk_in      ; 1.000        ; -0.072     ; 4.354      ;
; -3.407 ; clk_div:clk_div_inst|cnt[9]  ; clk_div:clk_div_inst|clk_out ; clk_in       ; clk_in      ; 1.000        ; -0.072     ; 4.334      ;
; -3.400 ; clk_div:clk_div_inst|cnt[10] ; clk_div:clk_div_inst|clk_out ; clk_in       ; clk_in      ; 1.000        ; -0.072     ; 4.327      ;
; -3.350 ; clk_div:clk_div_inst|cnt[3]  ; clk_div:clk_div_inst|clk_out ; clk_in       ; clk_in      ; 1.000        ; -0.072     ; 4.277      ;
; -3.322 ; clk_div:clk_div_inst|cnt[7]  ; clk_div:clk_div_inst|clk_out ; clk_in       ; clk_in      ; 1.000        ; -0.072     ; 4.249      ;
; -3.314 ; clk_div:clk_div_inst|cnt[4]  ; clk_div:clk_div_inst|clk_out ; clk_in       ; clk_in      ; 1.000        ; -0.072     ; 4.241      ;
; -3.241 ; clk_div:clk_div_inst|cnt[2]  ; clk_div:clk_div_inst|clk_out ; clk_in       ; clk_in      ; 1.000        ; -0.072     ; 4.168      ;
; -3.064 ; clk_div:clk_div_inst|cnt[14] ; clk_div:clk_div_inst|clk_out ; clk_in       ; clk_in      ; 1.000        ; -0.072     ; 3.991      ;
; -3.061 ; clk_div:clk_div_inst|cnt[5]  ; clk_div:clk_div_inst|clk_out ; clk_in       ; clk_in      ; 1.000        ; -0.072     ; 3.988      ;
; -3.061 ; clk_div:clk_div_inst|cnt[13] ; clk_div:clk_div_inst|clk_out ; clk_in       ; clk_in      ; 1.000        ; -0.072     ; 3.988      ;
; -3.054 ; clk_div:clk_div_inst|cnt[15] ; clk_div:clk_div_inst|clk_out ; clk_in       ; clk_in      ; 1.000        ; -0.071     ; 3.982      ;
; -2.955 ; clk_div:clk_div_inst|cnt[22] ; clk_div:clk_div_inst|clk_out ; clk_in       ; clk_in      ; 1.000        ; -0.071     ; 3.883      ;
; -2.876 ; clk_div:clk_div_inst|cnt[19] ; clk_div:clk_div_inst|clk_out ; clk_in       ; clk_in      ; 1.000        ; -0.071     ; 3.804      ;
; -2.819 ; clk_div:clk_div_inst|cnt[12] ; clk_div:clk_div_inst|clk_out ; clk_in       ; clk_in      ; 1.000        ; -0.072     ; 3.746      ;
; -2.781 ; clk_div:clk_div_inst|cnt[20] ; clk_div:clk_div_inst|clk_out ; clk_in       ; clk_in      ; 1.000        ; -0.072     ; 3.708      ;
; -2.764 ; clk_div:clk_div_inst|cnt[21] ; clk_div:clk_div_inst|clk_out ; clk_in       ; clk_in      ; 1.000        ; -0.072     ; 3.691      ;
; -2.692 ; clk_div:clk_div_inst|cnt[18] ; clk_div:clk_div_inst|clk_out ; clk_in       ; clk_in      ; 1.000        ; -0.072     ; 3.619      ;
; -2.678 ; clk_div:clk_div_inst|cnt[16] ; clk_div:clk_div_inst|clk_out ; clk_in       ; clk_in      ; 1.000        ; -0.072     ; 3.605      ;
; -2.599 ; clk_div:clk_div_inst|cnt[23] ; clk_div:clk_div_inst|clk_out ; clk_in       ; clk_in      ; 1.000        ; -0.071     ; 3.527      ;
; -2.534 ; clk_div:clk_div_inst|cnt[17] ; clk_div:clk_div_inst|clk_out ; clk_in       ; clk_in      ; 1.000        ; -0.071     ; 3.462      ;
; -2.495 ; clk_div:clk_div_inst|cnt[24] ; clk_div:clk_div_inst|clk_out ; clk_in       ; clk_in      ; 1.000        ; -0.071     ; 3.423      ;
; -2.299 ; clk_div:clk_div_inst|cnt[1]  ; clk_div:clk_div_inst|cnt[20] ; clk_in       ; clk_in      ; 1.000        ; -0.072     ; 3.226      ;
; -2.285 ; clk_div:clk_div_inst|cnt[6]  ; clk_div:clk_div_inst|cnt[21] ; clk_in       ; clk_in      ; 1.000        ; -0.072     ; 3.212      ;
; -2.260 ; clk_div:clk_div_inst|cnt[11] ; clk_div:clk_div_inst|cnt[0]  ; clk_in       ; clk_in      ; 1.000        ; -0.072     ; 3.187      ;
; -2.254 ; clk_div:clk_div_inst|cnt[11] ; clk_div:clk_div_inst|cnt[22] ; clk_in       ; clk_in      ; 1.000        ; -0.073     ; 3.180      ;
; -2.254 ; clk_div:clk_div_inst|cnt[11] ; clk_div:clk_div_inst|cnt[24] ; clk_in       ; clk_in      ; 1.000        ; -0.073     ; 3.180      ;
; -2.254 ; clk_div:clk_div_inst|cnt[6]  ; clk_div:clk_div_inst|cnt[0]  ; clk_in       ; clk_in      ; 1.000        ; -0.072     ; 3.181      ;
; -2.248 ; clk_div:clk_div_inst|cnt[6]  ; clk_div:clk_div_inst|cnt[22] ; clk_in       ; clk_in      ; 1.000        ; -0.073     ; 3.174      ;
; -2.248 ; clk_div:clk_div_inst|cnt[6]  ; clk_div:clk_div_inst|cnt[24] ; clk_in       ; clk_in      ; 1.000        ; -0.073     ; 3.174      ;
; -2.244 ; clk_div:clk_div_inst|cnt[1]  ; clk_div:clk_div_inst|cnt[24] ; clk_in       ; clk_in      ; 1.000        ; -0.073     ; 3.170      ;
; -2.240 ; clk_div:clk_div_inst|cnt[6]  ; clk_div:clk_div_inst|cnt[20] ; clk_in       ; clk_in      ; 1.000        ; -0.072     ; 3.167      ;
; -2.221 ; clk_div:clk_div_inst|cnt[0]  ; clk_div:clk_div_inst|cnt[20] ; clk_in       ; clk_in      ; 1.000        ; -0.072     ; 3.148      ;
; -2.199 ; clk_div:clk_div_inst|cnt[1]  ; clk_div:clk_div_inst|cnt[0]  ; clk_in       ; clk_in      ; 1.000        ; -0.072     ; 3.126      ;
; -2.193 ; clk_div:clk_div_inst|cnt[1]  ; clk_div:clk_div_inst|cnt[22] ; clk_in       ; clk_in      ; 1.000        ; -0.073     ; 3.119      ;
; -2.191 ; clk_div:clk_div_inst|cnt[0]  ; clk_div:clk_div_inst|cnt[0]  ; clk_in       ; clk_in      ; 1.000        ; -0.072     ; 3.118      ;
; -2.187 ; clk_div:clk_div_inst|cnt[0]  ; clk_div:clk_div_inst|cnt[21] ; clk_in       ; clk_in      ; 1.000        ; -0.072     ; 3.114      ;
; -2.185 ; clk_div:clk_div_inst|cnt[0]  ; clk_div:clk_div_inst|cnt[22] ; clk_in       ; clk_in      ; 1.000        ; -0.073     ; 3.111      ;
; -2.185 ; clk_div:clk_div_inst|cnt[0]  ; clk_div:clk_div_inst|cnt[24] ; clk_in       ; clk_in      ; 1.000        ; -0.073     ; 3.111      ;
; -2.184 ; clk_div:clk_div_inst|cnt[3]  ; clk_div:clk_div_inst|cnt[20] ; clk_in       ; clk_in      ; 1.000        ; -0.072     ; 3.111      ;
; -2.131 ; clk_div:clk_div_inst|cnt[6]  ; clk_div:clk_div_inst|cnt[19] ; clk_in       ; clk_in      ; 1.000        ; -0.073     ; 3.057      ;
; -2.130 ; clk_div:clk_div_inst|cnt[11] ; clk_div:clk_div_inst|cnt[13] ; clk_in       ; clk_in      ; 1.000        ; -0.072     ; 3.057      ;
; -2.129 ; clk_div:clk_div_inst|cnt[3]  ; clk_div:clk_div_inst|cnt[24] ; clk_in       ; clk_in      ; 1.000        ; -0.073     ; 3.055      ;
; -2.128 ; clk_div:clk_div_inst|cnt[11] ; clk_div:clk_div_inst|cnt[16] ; clk_in       ; clk_in      ; 1.000        ; -0.072     ; 3.055      ;
; -2.127 ; clk_div:clk_div_inst|cnt[11] ; clk_div:clk_div_inst|cnt[18] ; clk_in       ; clk_in      ; 1.000        ; -0.072     ; 3.054      ;
; -2.127 ; clk_div:clk_div_inst|cnt[11] ; clk_div:clk_div_inst|cnt[21] ; clk_in       ; clk_in      ; 1.000        ; -0.072     ; 3.054      ;
; -2.124 ; clk_div:clk_div_inst|cnt[6]  ; clk_div:clk_div_inst|cnt[13] ; clk_in       ; clk_in      ; 1.000        ; -0.072     ; 3.051      ;
; -2.122 ; clk_div:clk_div_inst|cnt[6]  ; clk_div:clk_div_inst|cnt[16] ; clk_in       ; clk_in      ; 1.000        ; -0.072     ; 3.049      ;
; -2.121 ; clk_div:clk_div_inst|cnt[6]  ; clk_div:clk_div_inst|cnt[18] ; clk_in       ; clk_in      ; 1.000        ; -0.072     ; 3.048      ;
; -2.116 ; clk_div:clk_div_inst|cnt[8]  ; clk_div:clk_div_inst|cnt[0]  ; clk_in       ; clk_in      ; 1.000        ; -0.072     ; 3.043      ;
; -2.110 ; clk_div:clk_div_inst|cnt[1]  ; clk_div:clk_div_inst|cnt[21] ; clk_in       ; clk_in      ; 1.000        ; -0.072     ; 3.037      ;
; -2.110 ; clk_div:clk_div_inst|cnt[8]  ; clk_div:clk_div_inst|cnt[22] ; clk_in       ; clk_in      ; 1.000        ; -0.073     ; 3.036      ;
; -2.110 ; clk_div:clk_div_inst|cnt[8]  ; clk_div:clk_div_inst|cnt[24] ; clk_in       ; clk_in      ; 1.000        ; -0.073     ; 3.036      ;
; -2.109 ; clk_div:clk_div_inst|cnt[2]  ; clk_div:clk_div_inst|cnt[20] ; clk_in       ; clk_in      ; 1.000        ; -0.072     ; 3.036      ;
; -2.096 ; clk_div:clk_div_inst|cnt[9]  ; clk_div:clk_div_inst|cnt[0]  ; clk_in       ; clk_in      ; 1.000        ; -0.072     ; 3.023      ;
; -2.093 ; clk_div:clk_div_inst|cnt[6]  ; clk_div:clk_div_inst|cnt[11] ; clk_in       ; clk_in      ; 1.000        ; -0.072     ; 3.020      ;
; -2.091 ; clk_div:clk_div_inst|cnt[1]  ; clk_div:clk_div_inst|cnt[6]  ; clk_in       ; clk_in      ; 1.000        ; -0.072     ; 3.018      ;
; -2.090 ; clk_div:clk_div_inst|cnt[9]  ; clk_div:clk_div_inst|cnt[22] ; clk_in       ; clk_in      ; 1.000        ; -0.073     ; 3.016      ;
; -2.090 ; clk_div:clk_div_inst|cnt[9]  ; clk_div:clk_div_inst|cnt[24] ; clk_in       ; clk_in      ; 1.000        ; -0.073     ; 3.016      ;
; -2.089 ; clk_div:clk_div_inst|cnt[10] ; clk_div:clk_div_inst|cnt[0]  ; clk_in       ; clk_in      ; 1.000        ; -0.072     ; 3.016      ;
; -2.088 ; clk_div:clk_div_inst|cnt[11] ; clk_div:clk_div_inst|cnt[20] ; clk_in       ; clk_in      ; 1.000        ; -0.072     ; 3.015      ;
; -2.083 ; clk_div:clk_div_inst|cnt[10] ; clk_div:clk_div_inst|cnt[22] ; clk_in       ; clk_in      ; 1.000        ; -0.073     ; 3.009      ;
; -2.083 ; clk_div:clk_div_inst|cnt[10] ; clk_div:clk_div_inst|cnt[24] ; clk_in       ; clk_in      ; 1.000        ; -0.073     ; 3.009      ;
; -2.078 ; clk_div:clk_div_inst|cnt[1]  ; clk_div:clk_div_inst|cnt[18] ; clk_in       ; clk_in      ; 1.000        ; -0.072     ; 3.005      ;
; -2.069 ; clk_div:clk_div_inst|cnt[1]  ; clk_div:clk_div_inst|cnt[13] ; clk_in       ; clk_in      ; 1.000        ; -0.072     ; 2.996      ;
; -2.067 ; clk_div:clk_div_inst|cnt[5]  ; clk_div:clk_div_inst|cnt[20] ; clk_in       ; clk_in      ; 1.000        ; -0.072     ; 2.994      ;
; -2.067 ; clk_div:clk_div_inst|cnt[2]  ; clk_div:clk_div_inst|cnt[21] ; clk_in       ; clk_in      ; 1.000        ; -0.072     ; 2.994      ;
; -2.067 ; clk_div:clk_div_inst|cnt[1]  ; clk_div:clk_div_inst|cnt[16] ; clk_in       ; clk_in      ; 1.000        ; -0.072     ; 2.994      ;
; -2.061 ; clk_div:clk_div_inst|cnt[0]  ; clk_div:clk_div_inst|cnt[13] ; clk_in       ; clk_in      ; 1.000        ; -0.072     ; 2.988      ;
; -2.059 ; clk_div:clk_div_inst|cnt[0]  ; clk_div:clk_div_inst|cnt[16] ; clk_in       ; clk_in      ; 1.000        ; -0.072     ; 2.986      ;
; -2.058 ; clk_div:clk_div_inst|cnt[0]  ; clk_div:clk_div_inst|cnt[18] ; clk_in       ; clk_in      ; 1.000        ; -0.072     ; 2.985      ;
; -2.054 ; clk_div:clk_div_inst|cnt[2]  ; clk_div:clk_div_inst|cnt[24] ; clk_in       ; clk_in      ; 1.000        ; -0.073     ; 2.980      ;
; -2.039 ; clk_div:clk_div_inst|cnt[3]  ; clk_div:clk_div_inst|cnt[0]  ; clk_in       ; clk_in      ; 1.000        ; -0.072     ; 2.966      ;
; -2.033 ; clk_div:clk_div_inst|cnt[3]  ; clk_div:clk_div_inst|cnt[22] ; clk_in       ; clk_in      ; 1.000        ; -0.073     ; 2.959      ;
; -2.033 ; clk_div:clk_div_inst|cnt[0]  ; clk_div:clk_div_inst|cnt[19] ; clk_in       ; clk_in      ; 1.000        ; -0.073     ; 2.959      ;
; -2.013 ; clk_div:clk_div_inst|cnt[0]  ; clk_div:clk_div_inst|cnt[6]  ; clk_in       ; clk_in      ; 1.000        ; -0.072     ; 2.940      ;
; -2.012 ; clk_div:clk_div_inst|cnt[5]  ; clk_div:clk_div_inst|cnt[24] ; clk_in       ; clk_in      ; 1.000        ; -0.073     ; 2.938      ;
; -2.011 ; clk_div:clk_div_inst|cnt[7]  ; clk_div:clk_div_inst|cnt[0]  ; clk_in       ; clk_in      ; 1.000        ; -0.072     ; 2.938      ;
; -2.005 ; clk_div:clk_div_inst|cnt[7]  ; clk_div:clk_div_inst|cnt[22] ; clk_in       ; clk_in      ; 1.000        ; -0.073     ; 2.931      ;
; -2.005 ; clk_div:clk_div_inst|cnt[7]  ; clk_div:clk_div_inst|cnt[24] ; clk_in       ; clk_in      ; 1.000        ; -0.073     ; 2.931      ;
; -2.003 ; clk_div:clk_div_inst|cnt[4]  ; clk_div:clk_div_inst|cnt[0]  ; clk_in       ; clk_in      ; 1.000        ; -0.072     ; 2.930      ;
; -2.002 ; clk_div:clk_div_inst|cnt[1]  ; clk_div:clk_div_inst|cnt[19] ; clk_in       ; clk_in      ; 1.000        ; -0.073     ; 2.928      ;
; -2.000 ; clk_div:clk_div_inst|cnt[11] ; clk_div:clk_div_inst|cnt[19] ; clk_in       ; clk_in      ; 1.000        ; -0.073     ; 2.926      ;
; -1.997 ; clk_div:clk_div_inst|cnt[4]  ; clk_div:clk_div_inst|cnt[22] ; clk_in       ; clk_in      ; 1.000        ; -0.073     ; 2.923      ;
; -1.997 ; clk_div:clk_div_inst|cnt[4]  ; clk_div:clk_div_inst|cnt[24] ; clk_in       ; clk_in      ; 1.000        ; -0.073     ; 2.923      ;
; -1.995 ; clk_div:clk_div_inst|cnt[3]  ; clk_div:clk_div_inst|cnt[21] ; clk_in       ; clk_in      ; 1.000        ; -0.072     ; 2.922      ;
; -1.995 ; clk_div:clk_div_inst|cnt[0]  ; clk_div:clk_div_inst|cnt[11] ; clk_in       ; clk_in      ; 1.000        ; -0.072     ; 2.922      ;
; -1.990 ; clk_div:clk_div_inst|cnt[4]  ; clk_div:clk_div_inst|cnt[20] ; clk_in       ; clk_in      ; 1.000        ; -0.072     ; 2.917      ;
; -1.986 ; clk_div:clk_div_inst|cnt[8]  ; clk_div:clk_div_inst|cnt[13] ; clk_in       ; clk_in      ; 1.000        ; -0.072     ; 2.913      ;
; -1.984 ; clk_div:clk_div_inst|cnt[8]  ; clk_div:clk_div_inst|cnt[16] ; clk_in       ; clk_in      ; 1.000        ; -0.072     ; 2.911      ;
; -1.983 ; clk_div:clk_div_inst|cnt[8]  ; clk_div:clk_div_inst|cnt[18] ; clk_in       ; clk_in      ; 1.000        ; -0.072     ; 2.910      ;
; -1.983 ; clk_div:clk_div_inst|cnt[8]  ; clk_div:clk_div_inst|cnt[21] ; clk_in       ; clk_in      ; 1.000        ; -0.072     ; 2.910      ;
; -1.976 ; clk_div:clk_div_inst|cnt[3]  ; clk_div:clk_div_inst|cnt[6]  ; clk_in       ; clk_in      ; 1.000        ; -0.072     ; 2.903      ;
; -1.966 ; clk_div:clk_div_inst|cnt[9]  ; clk_div:clk_div_inst|cnt[13] ; clk_in       ; clk_in      ; 1.000        ; -0.072     ; 2.893      ;
; -1.964 ; clk_div:clk_div_inst|cnt[9]  ; clk_div:clk_div_inst|cnt[16] ; clk_in       ; clk_in      ; 1.000        ; -0.072     ; 2.891      ;
; -1.963 ; clk_div:clk_div_inst|cnt[9]  ; clk_div:clk_div_inst|cnt[18] ; clk_in       ; clk_in      ; 1.000        ; -0.072     ; 2.890      ;
; -1.963 ; clk_div:clk_div_inst|cnt[9]  ; clk_div:clk_div_inst|cnt[21] ; clk_in       ; clk_in      ; 1.000        ; -0.072     ; 2.890      ;
+--------+------------------------------+------------------------------+--------------+-------------+--------------+------------+------------+


+-----------------------------------------------------------------------------------------------------------------------------------------------------------------------------------------------+
; Slow 1200mV 0C Model Setup: 'clk_div:clk_div_inst|clk_out'                                                                                                                                    ;
+--------+---------------------------------------+---------------------------------------+------------------------------+------------------------------+--------------+------------+------------+
; Slack  ; From Node                             ; To Node                               ; Launch Clock                 ; Latch Clock                  ; Relationship ; Clock Skew ; Data Delay ;
+--------+---------------------------------------+---------------------------------------+------------------------------+------------------------------+--------------+------------+------------+
; -0.083 ; counter_demo:counter_demo_inst|cnt[0] ; counter_demo:counter_demo_inst|cnt[3] ; clk_div:clk_div_inst|clk_out ; clk_div:clk_div_inst|clk_out ; 1.000        ; -0.071     ; 1.011      ;
; -0.070 ; counter_demo:counter_demo_inst|cnt[1] ; counter_demo:counter_demo_inst|cnt[2] ; clk_div:clk_div_inst|clk_out ; clk_div:clk_div_inst|clk_out ; 1.000        ; -0.071     ; 0.998      ;
; -0.069 ; counter_demo:counter_demo_inst|cnt[2] ; counter_demo:counter_demo_inst|cnt[3] ; clk_div:clk_div_inst|clk_out ; clk_div:clk_div_inst|clk_out ; 1.000        ; -0.071     ; 0.997      ;
; 0.160  ; counter_demo:counter_demo_inst|cnt[0] ; counter_demo:counter_demo_inst|cnt[1] ; clk_div:clk_div_inst|clk_out ; clk_div:clk_div_inst|clk_out ; 1.000        ; -0.071     ; 0.768      ;
; 0.161  ; counter_demo:counter_demo_inst|cnt[0] ; counter_demo:counter_demo_inst|cnt[2] ; clk_div:clk_div_inst|clk_out ; clk_div:clk_div_inst|clk_out ; 1.000        ; -0.071     ; 0.767      ;
; 0.167  ; counter_demo:counter_demo_inst|cnt[1] ; counter_demo:counter_demo_inst|cnt[3] ; clk_div:clk_div_inst|clk_out ; clk_div:clk_div_inst|clk_out ; 1.000        ; -0.071     ; 0.761      ;
; 0.245  ; counter_demo:counter_demo_inst|cnt[0] ; counter_demo:counter_demo_inst|cnt[0] ; clk_div:clk_div_inst|clk_out ; clk_div:clk_div_inst|clk_out ; 1.000        ; -0.071     ; 0.683      ;
; 0.245  ; counter_demo:counter_demo_inst|cnt[3] ; counter_demo:counter_demo_inst|cnt[3] ; clk_div:clk_div_inst|clk_out ; clk_div:clk_div_inst|clk_out ; 1.000        ; -0.071     ; 0.683      ;
; 0.245  ; counter_demo:counter_demo_inst|cnt[2] ; counter_demo:counter_demo_inst|cnt[2] ; clk_div:clk_div_inst|clk_out ; clk_div:clk_div_inst|clk_out ; 1.000        ; -0.071     ; 0.683      ;
; 0.245  ; counter_demo:counter_demo_inst|cnt[1] ; counter_demo:counter_demo_inst|cnt[1] ; clk_div:clk_div_inst|clk_out ; clk_div:clk_div_inst|clk_out ; 1.000        ; -0.071     ; 0.683      ;
+--------+---------------------------------------+---------------------------------------+------------------------------+------------------------------+--------------+------------+------------+


+----------------------------------------------------------------------------------------------------------------------------------------------------------------------------------------------+
; Slow 1200mV 0C Model Hold: 'clk_div:clk_div_inst|clk_out'                                                                                                                                    ;
+-------+---------------------------------------+---------------------------------------+------------------------------+------------------------------+--------------+------------+------------+
; Slack ; From Node                             ; To Node                               ; Launch Clock                 ; Latch Clock                  ; Relationship ; Clock Skew ; Data Delay ;
+-------+---------------------------------------+---------------------------------------+------------------------------+------------------------------+--------------+------------+------------+
; 0.355 ; counter_demo:counter_demo_inst|cnt[3] ; counter_demo:counter_demo_inst|cnt[3] ; clk_div:clk_div_inst|clk_out ; clk_div:clk_div_inst|clk_out ; 0.000        ; 0.071      ; 0.597      ;
; 0.355 ; counter_demo:counter_demo_inst|cnt[2] ; counter_demo:counter_demo_inst|cnt[2] ; clk_div:clk_div_inst|clk_out ; clk_div:clk_div_inst|clk_out ; 0.000        ; 0.071      ; 0.597      ;
; 0.355 ; counter_demo:counter_demo_inst|cnt[1] ; counter_demo:counter_demo_inst|cnt[1] ; clk_div:clk_div_inst|clk_out ; clk_div:clk_div_inst|clk_out ; 0.000        ; 0.071      ; 0.597      ;
; 0.366 ; counter_demo:counter_demo_inst|cnt[0] ; counter_demo:counter_demo_inst|cnt[0] ; clk_div:clk_div_inst|clk_out ; clk_div:clk_div_inst|clk_out ; 0.000        ; 0.071      ; 0.608      ;
; 0.411 ; counter_demo:counter_demo_inst|cnt[1] ; counter_demo:counter_demo_inst|cnt[3] ; clk_div:clk_div_inst|clk_out ; clk_div:clk_div_inst|clk_out ; 0.000        ; 0.071      ; 0.653      ;
; 0.416 ; counter_demo:counter_demo_inst|cnt[0] ; counter_demo:counter_demo_inst|cnt[2] ; clk_div:clk_div_inst|clk_out ; clk_div:clk_div_inst|clk_out ; 0.000        ; 0.071      ; 0.658      ;
; 0.416 ; counter_demo:counter_demo_inst|cnt[0] ; counter_demo:counter_demo_inst|cnt[1] ; clk_div:clk_div_inst|clk_out ; clk_div:clk_div_inst|clk_out ; 0.000        ; 0.071      ; 0.658      ;
; 0.608 ; counter_demo:counter_demo_inst|cnt[1] ; counter_demo:counter_demo_inst|cnt[2] ; clk_div:clk_div_inst|clk_out ; clk_div:clk_div_inst|clk_out ; 0.000        ; 0.071      ; 0.850      ;
; 0.610 ; counter_demo:counter_demo_inst|cnt[2] ; counter_demo:counter_demo_inst|cnt[3] ; clk_div:clk_div_inst|clk_out ; clk_div:clk_div_inst|clk_out ; 0.000        ; 0.071      ; 0.852      ;
; 0.618 ; counter_demo:counter_demo_inst|cnt[0] ; counter_demo:counter_demo_inst|cnt[3] ; clk_div:clk_div_inst|clk_out ; clk_div:clk_div_inst|clk_out ; 0.000        ; 0.071      ; 0.860      ;
+-------+---------------------------------------+---------------------------------------+------------------------------+------------------------------+--------------+------------+------------+


+-----------------------------------------------------------------------------------------------------------------------------------------------------------+
; Slow 1200mV 0C Model Hold: 'clk_in'                                                                                                                       ;
+-------+------------------------------+------------------------------+------------------------------+-------------+--------------+------------+------------+
; Slack ; From Node                    ; To Node                      ; Launch Clock                 ; Latch Clock ; Relationship ; Clock Skew ; Data Delay ;
+-------+------------------------------+------------------------------+------------------------------+-------------+--------------+------------+------------+
; 0.585 ; clk_div:clk_div_inst|cnt[9]  ; clk_div:clk_div_inst|cnt[9]  ; clk_in                       ; clk_in      ; 0.000        ; 0.072      ; 0.828      ;
; 0.586 ; clk_div:clk_div_inst|cnt[7]  ; clk_div:clk_div_inst|cnt[7]  ; clk_in                       ; clk_in      ; 0.000        ; 0.072      ; 0.829      ;
; 0.586 ; clk_div:clk_div_inst|cnt[2]  ; clk_div:clk_div_inst|cnt[2]  ; clk_in                       ; clk_in      ; 0.000        ; 0.072      ; 0.829      ;
; 0.587 ; clk_div:clk_div_inst|cnt[1]  ; clk_div:clk_div_inst|cnt[1]  ; clk_in                       ; clk_in      ; 0.000        ; 0.072      ; 0.830      ;
; 0.589 ; clk_div:clk_div_inst|cnt[5]  ; clk_div:clk_div_inst|cnt[5]  ; clk_in                       ; clk_in      ; 0.000        ; 0.072      ; 0.832      ;
; 0.589 ; clk_div:clk_div_inst|cnt[10] ; clk_div:clk_div_inst|cnt[10] ; clk_in                       ; clk_in      ; 0.000        ; 0.072      ; 0.832      ;
; 0.589 ; clk_div:clk_div_inst|cnt[3]  ; clk_div:clk_div_inst|cnt[3]  ; clk_in                       ; clk_in      ; 0.000        ; 0.072      ; 0.832      ;
; 0.591 ; clk_div:clk_div_inst|cnt[4]  ; clk_div:clk_div_inst|cnt[4]  ; clk_in                       ; clk_in      ; 0.000        ; 0.072      ; 0.834      ;
; 0.599 ; clk_div:clk_div_inst|cnt[15] ; clk_div:clk_div_inst|cnt[15] ; clk_in                       ; clk_in      ; 0.000        ; 0.072      ; 0.842      ;
; 0.599 ; clk_div:clk_div_inst|cnt[17] ; clk_div:clk_div_inst|cnt[17] ; clk_in                       ; clk_in      ; 0.000        ; 0.072      ; 0.842      ;
; 0.600 ; clk_div:clk_div_inst|cnt[23] ; clk_div:clk_div_inst|cnt[23] ; clk_in                       ; clk_in      ; 0.000        ; 0.072      ; 0.843      ;
; 0.604 ; clk_div:clk_div_inst|cnt[8]  ; clk_div:clk_div_inst|cnt[8]  ; clk_in                       ; clk_in      ; 0.000        ; 0.072      ; 0.847      ;
; 0.703 ; clk_div:clk_div_inst|cnt[24] ; clk_div:clk_div_inst|cnt[24] ; clk_in                       ; clk_in      ; 0.000        ; 0.072      ; 0.946      ;
; 0.871 ; clk_div:clk_div_inst|cnt[9]  ; clk_div:clk_div_inst|cnt[10] ; clk_in                       ; clk_in      ; 0.000        ; 0.072      ; 1.114      ;
; 0.872 ; clk_div:clk_div_inst|cnt[7]  ; clk_div:clk_div_inst|cnt[8]  ; clk_in                       ; clk_in      ; 0.000        ; 0.072      ; 1.115      ;
; 0.873 ; clk_div:clk_div_inst|cnt[1]  ; clk_div:clk_div_inst|cnt[2]  ; clk_in                       ; clk_in      ; 0.000        ; 0.072      ; 1.116      ;
; 0.874 ; clk_div:clk_div_inst|cnt[2]  ; clk_div:clk_div_inst|cnt[3]  ; clk_in                       ; clk_in      ; 0.000        ; 0.072      ; 1.117      ;
; 0.876 ; clk_div:clk_div_inst|cnt[3]  ; clk_div:clk_div_inst|cnt[4]  ; clk_in                       ; clk_in      ; 0.000        ; 0.072      ; 1.119      ;
; 0.878 ; clk_div:clk_div_inst|cnt[0]  ; clk_div:clk_div_inst|cnt[1]  ; clk_in                       ; clk_in      ; 0.000        ; 0.072      ; 1.121      ;
; 0.879 ; clk_div:clk_div_inst|cnt[4]  ; clk_div:clk_div_inst|cnt[5]  ; clk_in                       ; clk_in      ; 0.000        ; 0.072      ; 1.122      ;
; 0.885 ; clk_div:clk_div_inst|cnt[2]  ; clk_div:clk_div_inst|cnt[4]  ; clk_in                       ; clk_in      ; 0.000        ; 0.072      ; 1.128      ;
; 0.888 ; clk_div:clk_div_inst|cnt[22] ; clk_div:clk_div_inst|cnt[23] ; clk_in                       ; clk_in      ; 0.000        ; 0.072      ; 1.131      ;
; 0.889 ; clk_div:clk_div_inst|cnt[0]  ; clk_div:clk_div_inst|cnt[2]  ; clk_in                       ; clk_in      ; 0.000        ; 0.072      ; 1.132      ;
; 0.892 ; clk_div:clk_div_inst|cnt[8]  ; clk_div:clk_div_inst|cnt[9]  ; clk_in                       ; clk_in      ; 0.000        ; 0.072      ; 1.135      ;
; 0.903 ; clk_div:clk_div_inst|cnt[8]  ; clk_div:clk_div_inst|cnt[10] ; clk_in                       ; clk_in      ; 0.000        ; 0.072      ; 1.146      ;
; 0.920 ; clk_div:clk_div_inst|cnt[22] ; clk_div:clk_div_inst|cnt[22] ; clk_in                       ; clk_in      ; 0.000        ; 0.072      ; 1.163      ;
; 0.971 ; clk_div:clk_div_inst|cnt[7]  ; clk_div:clk_div_inst|cnt[9]  ; clk_in                       ; clk_in      ; 0.000        ; 0.072      ; 1.214      ;
; 0.972 ; clk_div:clk_div_inst|cnt[1]  ; clk_div:clk_div_inst|cnt[3]  ; clk_in                       ; clk_in      ; 0.000        ; 0.072      ; 1.215      ;
; 0.975 ; clk_div:clk_div_inst|cnt[5]  ; clk_div:clk_div_inst|cnt[7]  ; clk_in                       ; clk_in      ; 0.000        ; 0.072      ; 1.218      ;
; 0.975 ; clk_div:clk_div_inst|cnt[3]  ; clk_div:clk_div_inst|cnt[5]  ; clk_in                       ; clk_in      ; 0.000        ; 0.072      ; 1.218      ;
; 0.982 ; clk_div:clk_div_inst|cnt[7]  ; clk_div:clk_div_inst|cnt[10] ; clk_in                       ; clk_in      ; 0.000        ; 0.072      ; 1.225      ;
; 0.983 ; clk_div:clk_div_inst|cnt[1]  ; clk_div:clk_div_inst|cnt[4]  ; clk_in                       ; clk_in      ; 0.000        ; 0.072      ; 1.226      ;
; 0.984 ; clk_div:clk_div_inst|cnt[15] ; clk_div:clk_div_inst|cnt[17] ; clk_in                       ; clk_in      ; 0.000        ; 0.072      ; 1.227      ;
; 0.984 ; clk_div:clk_div_inst|cnt[2]  ; clk_div:clk_div_inst|cnt[5]  ; clk_in                       ; clk_in      ; 0.000        ; 0.072      ; 1.227      ;
; 0.986 ; clk_div:clk_div_inst|cnt[5]  ; clk_div:clk_div_inst|cnt[8]  ; clk_in                       ; clk_in      ; 0.000        ; 0.072      ; 1.229      ;
; 0.988 ; clk_div:clk_div_inst|cnt[0]  ; clk_div:clk_div_inst|cnt[3]  ; clk_in                       ; clk_in      ; 0.000        ; 0.072      ; 1.231      ;
; 0.989 ; clk_div:clk_div_inst|cnt[4]  ; clk_div:clk_div_inst|cnt[7]  ; clk_in                       ; clk_in      ; 0.000        ; 0.072      ; 1.232      ;
; 0.999 ; clk_div:clk_div_inst|cnt[0]  ; clk_div:clk_div_inst|cnt[4]  ; clk_in                       ; clk_in      ; 0.000        ; 0.072      ; 1.242      ;
; 1.000 ; clk_div:clk_div_inst|cnt[4]  ; clk_div:clk_div_inst|cnt[8]  ; clk_in                       ; clk_in      ; 0.000        ; 0.072      ; 1.243      ;
; 1.034 ; clk_div:clk_div_inst|cnt[19] ; clk_div:clk_div_inst|cnt[19] ; clk_in                       ; clk_in      ; 0.000        ; 0.072      ; 1.277      ;
; 1.054 ; clk_div:clk_div_inst|cnt[16] ; clk_div:clk_div_inst|cnt[17] ; clk_in                       ; clk_in      ; 0.000        ; 0.071      ; 1.296      ;
; 1.058 ; clk_div:clk_div_inst|cnt[0]  ; clk_div:clk_div_inst|cnt[0]  ; clk_in                       ; clk_in      ; 0.000        ; 0.072      ; 1.301      ;
; 1.065 ; clk_div:clk_div_inst|cnt[14] ; clk_div:clk_div_inst|cnt[15] ; clk_in                       ; clk_in      ; 0.000        ; 0.071      ; 1.307      ;
; 1.082 ; clk_div:clk_div_inst|cnt[1]  ; clk_div:clk_div_inst|cnt[5]  ; clk_in                       ; clk_in      ; 0.000        ; 0.072      ; 1.325      ;
; 1.085 ; clk_div:clk_div_inst|cnt[5]  ; clk_div:clk_div_inst|cnt[9]  ; clk_in                       ; clk_in      ; 0.000        ; 0.072      ; 1.328      ;
; 1.085 ; clk_div:clk_div_inst|cnt[3]  ; clk_div:clk_div_inst|cnt[7]  ; clk_in                       ; clk_in      ; 0.000        ; 0.072      ; 1.328      ;
; 1.094 ; clk_div:clk_div_inst|cnt[2]  ; clk_div:clk_div_inst|cnt[7]  ; clk_in                       ; clk_in      ; 0.000        ; 0.072      ; 1.337      ;
; 1.095 ; clk_div:clk_div_inst|cnt[19] ; clk_div:clk_div_inst|cnt[23] ; clk_in                       ; clk_in      ; 0.000        ; 0.072      ; 1.338      ;
; 1.096 ; clk_div:clk_div_inst|cnt[5]  ; clk_div:clk_div_inst|cnt[10] ; clk_in                       ; clk_in      ; 0.000        ; 0.072      ; 1.339      ;
; 1.096 ; clk_div:clk_div_inst|cnt[3]  ; clk_div:clk_div_inst|cnt[8]  ; clk_in                       ; clk_in      ; 0.000        ; 0.072      ; 1.339      ;
; 1.098 ; clk_div:clk_div_inst|cnt[0]  ; clk_div:clk_div_inst|cnt[5]  ; clk_in                       ; clk_in      ; 0.000        ; 0.072      ; 1.341      ;
; 1.098 ; clk_div:clk_div_inst|cnt[10] ; clk_div:clk_div_inst|cnt[15] ; clk_in                       ; clk_in      ; 0.000        ; 0.071      ; 1.340      ;
; 1.099 ; clk_div:clk_div_inst|cnt[4]  ; clk_div:clk_div_inst|cnt[9]  ; clk_in                       ; clk_in      ; 0.000        ; 0.072      ; 1.342      ;
; 1.105 ; clk_div:clk_div_inst|cnt[2]  ; clk_div:clk_div_inst|cnt[8]  ; clk_in                       ; clk_in      ; 0.000        ; 0.072      ; 1.348      ;
; 1.110 ; clk_div:clk_div_inst|cnt[4]  ; clk_div:clk_div_inst|cnt[10] ; clk_in                       ; clk_in      ; 0.000        ; 0.072      ; 1.353      ;
; 1.127 ; clk_div:clk_div_inst|cnt[21] ; clk_div:clk_div_inst|cnt[23] ; clk_in                       ; clk_in      ; 0.000        ; 0.071      ; 1.369      ;
; 1.147 ; clk_div:clk_div_inst|cnt[13] ; clk_div:clk_div_inst|cnt[15] ; clk_in                       ; clk_in      ; 0.000        ; 0.071      ; 1.389      ;
; 1.161 ; clk_div:clk_div_inst|cnt[12] ; clk_div:clk_div_inst|cnt[15] ; clk_in                       ; clk_in      ; 0.000        ; 0.071      ; 1.403      ;
; 1.173 ; clk_div:clk_div_inst|cnt[20] ; clk_div:clk_div_inst|cnt[23] ; clk_in                       ; clk_in      ; 0.000        ; 0.071      ; 1.415      ;
; 1.175 ; clk_div:clk_div_inst|cnt[14] ; clk_div:clk_div_inst|cnt[17] ; clk_in                       ; clk_in      ; 0.000        ; 0.071      ; 1.417      ;
; 1.190 ; clk_div:clk_div_inst|clk_out ; clk_div:clk_div_inst|clk_out ; clk_div:clk_div_inst|clk_out ; clk_in      ; 0.000        ; 2.793      ; 4.397      ;
; 1.191 ; clk_div:clk_div_inst|cnt[9]  ; clk_div:clk_div_inst|cnt[15] ; clk_in                       ; clk_in      ; 0.000        ; 0.071      ; 1.433      ;
; 1.192 ; clk_div:clk_div_inst|cnt[1]  ; clk_div:clk_div_inst|cnt[7]  ; clk_in                       ; clk_in      ; 0.000        ; 0.072      ; 1.435      ;
; 1.195 ; clk_div:clk_div_inst|cnt[3]  ; clk_div:clk_div_inst|cnt[9]  ; clk_in                       ; clk_in      ; 0.000        ; 0.072      ; 1.438      ;
; 1.202 ; clk_div:clk_div_inst|cnt[16] ; clk_div:clk_div_inst|cnt[16] ; clk_in                       ; clk_in      ; 0.000        ; 0.072      ; 1.445      ;
; 1.203 ; clk_div:clk_div_inst|cnt[1]  ; clk_div:clk_div_inst|cnt[8]  ; clk_in                       ; clk_in      ; 0.000        ; 0.072      ; 1.446      ;
; 1.204 ; clk_div:clk_div_inst|cnt[21] ; clk_div:clk_div_inst|cnt[21] ; clk_in                       ; clk_in      ; 0.000        ; 0.072      ; 1.447      ;
; 1.204 ; clk_div:clk_div_inst|cnt[17] ; clk_div:clk_div_inst|cnt[23] ; clk_in                       ; clk_in      ; 0.000        ; 0.072      ; 1.447      ;
; 1.204 ; clk_div:clk_div_inst|cnt[2]  ; clk_div:clk_div_inst|cnt[9]  ; clk_in                       ; clk_in      ; 0.000        ; 0.072      ; 1.447      ;
; 1.205 ; clk_div:clk_div_inst|cnt[23] ; clk_div:clk_div_inst|cnt[24] ; clk_in                       ; clk_in      ; 0.000        ; 0.072      ; 1.448      ;
; 1.206 ; clk_div:clk_div_inst|cnt[3]  ; clk_div:clk_div_inst|cnt[10] ; clk_in                       ; clk_in      ; 0.000        ; 0.072      ; 1.449      ;
; 1.208 ; clk_div:clk_div_inst|cnt[0]  ; clk_div:clk_div_inst|cnt[7]  ; clk_in                       ; clk_in      ; 0.000        ; 0.072      ; 1.451      ;
; 1.208 ; clk_div:clk_div_inst|cnt[10] ; clk_div:clk_div_inst|cnt[17] ; clk_in                       ; clk_in      ; 0.000        ; 0.071      ; 1.450      ;
; 1.215 ; clk_div:clk_div_inst|cnt[2]  ; clk_div:clk_div_inst|cnt[10] ; clk_in                       ; clk_in      ; 0.000        ; 0.072      ; 1.458      ;
; 1.218 ; clk_div:clk_div_inst|cnt[22] ; clk_div:clk_div_inst|cnt[24] ; clk_in                       ; clk_in      ; 0.000        ; 0.072      ; 1.461      ;
; 1.219 ; clk_div:clk_div_inst|cnt[0]  ; clk_div:clk_div_inst|cnt[8]  ; clk_in                       ; clk_in      ; 0.000        ; 0.072      ; 1.462      ;
; 1.223 ; clk_div:clk_div_inst|cnt[8]  ; clk_div:clk_div_inst|cnt[15] ; clk_in                       ; clk_in      ; 0.000        ; 0.071      ; 1.465      ;
; 1.237 ; clk_div:clk_div_inst|cnt[13] ; clk_div:clk_div_inst|cnt[13] ; clk_in                       ; clk_in      ; 0.000        ; 0.072      ; 1.480      ;
; 1.248 ; clk_div:clk_div_inst|cnt[6]  ; clk_div:clk_div_inst|cnt[7]  ; clk_in                       ; clk_in      ; 0.000        ; 0.072      ; 1.491      ;
; 1.253 ; clk_div:clk_div_inst|cnt[18] ; clk_div:clk_div_inst|cnt[18] ; clk_in                       ; clk_in      ; 0.000        ; 0.072      ; 1.496      ;
; 1.257 ; clk_div:clk_div_inst|cnt[13] ; clk_div:clk_div_inst|cnt[17] ; clk_in                       ; clk_in      ; 0.000        ; 0.071      ; 1.499      ;
; 1.271 ; clk_div:clk_div_inst|cnt[12] ; clk_div:clk_div_inst|cnt[17] ; clk_in                       ; clk_in      ; 0.000        ; 0.071      ; 1.513      ;
; 1.301 ; clk_div:clk_div_inst|cnt[9]  ; clk_div:clk_div_inst|cnt[17] ; clk_in                       ; clk_in      ; 0.000        ; 0.071      ; 1.543      ;
; 1.302 ; clk_div:clk_div_inst|cnt[1]  ; clk_div:clk_div_inst|cnt[9]  ; clk_in                       ; clk_in      ; 0.000        ; 0.072      ; 1.545      ;
; 1.302 ; clk_div:clk_div_inst|cnt[7]  ; clk_div:clk_div_inst|cnt[15] ; clk_in                       ; clk_in      ; 0.000        ; 0.071      ; 1.544      ;
; 1.304 ; clk_div:clk_div_inst|cnt[18] ; clk_div:clk_div_inst|cnt[23] ; clk_in                       ; clk_in      ; 0.000        ; 0.071      ; 1.546      ;
; 1.313 ; clk_div:clk_div_inst|cnt[1]  ; clk_div:clk_div_inst|cnt[10] ; clk_in                       ; clk_in      ; 0.000        ; 0.072      ; 1.556      ;
; 1.314 ; clk_div:clk_div_inst|cnt[15] ; clk_div:clk_div_inst|cnt[23] ; clk_in                       ; clk_in      ; 0.000        ; 0.072      ; 1.557      ;
; 1.316 ; clk_div:clk_div_inst|cnt[19] ; clk_div:clk_div_inst|cnt[22] ; clk_in                       ; clk_in      ; 0.000        ; 0.072      ; 1.559      ;
; 1.317 ; clk_div:clk_div_inst|cnt[6]  ; clk_div:clk_div_inst|cnt[8]  ; clk_in                       ; clk_in      ; 0.000        ; 0.072      ; 1.560      ;
; 1.318 ; clk_div:clk_div_inst|cnt[0]  ; clk_div:clk_div_inst|cnt[9]  ; clk_in                       ; clk_in      ; 0.000        ; 0.072      ; 1.561      ;
; 1.319 ; clk_div:clk_div_inst|cnt[15] ; clk_div:clk_div_inst|cnt[16] ; clk_in                       ; clk_in      ; 0.000        ; 0.073      ; 1.563      ;
; 1.329 ; clk_div:clk_div_inst|cnt[0]  ; clk_div:clk_div_inst|cnt[10] ; clk_in                       ; clk_in      ; 0.000        ; 0.072      ; 1.572      ;
; 1.333 ; clk_div:clk_div_inst|cnt[8]  ; clk_div:clk_div_inst|cnt[17] ; clk_in                       ; clk_in      ; 0.000        ; 0.071      ; 1.575      ;
; 1.342 ; clk_div:clk_div_inst|cnt[17] ; clk_div:clk_div_inst|cnt[18] ; clk_in                       ; clk_in      ; 0.000        ; 0.073      ; 1.586      ;
; 1.358 ; clk_div:clk_div_inst|cnt[12] ; clk_div:clk_div_inst|cnt[12] ; clk_in                       ; clk_in      ; 0.000        ; 0.072      ; 1.601      ;
; 1.358 ; clk_div:clk_div_inst|cnt[6]  ; clk_div:clk_div_inst|cnt[9]  ; clk_in                       ; clk_in      ; 0.000        ; 0.072      ; 1.601      ;
; 1.361 ; clk_div:clk_div_inst|cnt[24] ; clk_div:clk_div_inst|cnt[14] ; clk_in                       ; clk_in      ; 0.000        ; 0.073      ; 1.605      ;
; 1.362 ; clk_div:clk_div_inst|cnt[24] ; clk_div:clk_div_inst|cnt[20] ; clk_in                       ; clk_in      ; 0.000        ; 0.073      ; 1.606      ;
; 1.362 ; clk_div:clk_div_inst|cnt[14] ; clk_div:clk_div_inst|cnt[14] ; clk_in                       ; clk_in      ; 0.000        ; 0.072      ; 1.605      ;
+-------+------------------------------+------------------------------+------------------------------+-------------+--------------+------------+------------+


----------------------------------------------
; Slow 1200mV 0C Model Metastability Summary ;
----------------------------------------------
No synchronizer chains to report.


+-------------------------------------------------------+
; Fast 1200mV 0C Model Setup Summary                    ;
+------------------------------+--------+---------------+
; Clock                        ; Slack  ; End Point TNS ;
+------------------------------+--------+---------------+
; clk_in                       ; -1.526 ; -12.370       ;
; clk_div:clk_div_inst|clk_out ; 0.410  ; 0.000         ;
+------------------------------+--------+---------------+


+------------------------------------------------------+
; Fast 1200mV 0C Model Hold Summary                    ;
+------------------------------+-------+---------------+
; Clock                        ; Slack ; End Point TNS ;
+------------------------------+-------+---------------+
; clk_div:clk_div_inst|clk_out ; 0.182 ; 0.000         ;
; clk_in                       ; 0.291 ; 0.000         ;
+------------------------------+-------+---------------+


-----------------------------------------
; Fast 1200mV 0C Model Recovery Summary ;
-----------------------------------------
No paths to report.


----------------------------------------
; Fast 1200mV 0C Model Removal Summary ;
----------------------------------------
No paths to report.


+-------------------------------------------------------+
; Fast 1200mV 0C Model Minimum Pulse Width Summary      ;
+------------------------------+--------+---------------+
; Clock                        ; Slack  ; End Point TNS ;
+------------------------------+--------+---------------+
; clk_in                       ; -3.000 ; -30.602       ;
; clk_div:clk_div_inst|clk_out ; -1.000 ; -4.000        ;
+------------------------------+--------+---------------+


+------------------------------------------------------------------------------------------------------------------------------------------------------------+
; Fast 1200mV 0C Model Setup: 'clk_in'                                                                                                                       ;
+--------+------------------------------+------------------------------+------------------------------+-------------+--------------+------------+------------+
; Slack  ; From Node                    ; To Node                      ; Launch Clock                 ; Latch Clock ; Relationship ; Clock Skew ; Data Delay ;
+--------+------------------------------+------------------------------+------------------------------+-------------+--------------+------------+------------+
; -1.526 ; clk_div:clk_div_inst|cnt[11] ; clk_div:clk_div_inst|clk_out ; clk_in                       ; clk_in      ; 1.000        ; -0.042     ; 2.471      ;
; -1.509 ; clk_div:clk_div_inst|cnt[6]  ; clk_div:clk_div_inst|clk_out ; clk_in                       ; clk_in      ; 1.000        ; -0.042     ; 2.454      ;
; -1.455 ; clk_div:clk_div_inst|cnt[1]  ; clk_div:clk_div_inst|clk_out ; clk_in                       ; clk_in      ; 1.000        ; -0.043     ; 2.399      ;
; -1.454 ; clk_div:clk_div_inst|cnt[0]  ; clk_div:clk_div_inst|clk_out ; clk_in                       ; clk_in      ; 1.000        ; -0.043     ; 2.398      ;
; -1.397 ; clk_div:clk_div_inst|cnt[8]  ; clk_div:clk_div_inst|clk_out ; clk_in                       ; clk_in      ; 1.000        ; -0.043     ; 2.341      ;
; -1.376 ; clk_div:clk_div_inst|cnt[10] ; clk_div:clk_div_inst|clk_out ; clk_in                       ; clk_in      ; 1.000        ; -0.043     ; 2.320      ;
; -1.375 ; clk_div:clk_div_inst|cnt[9]  ; clk_div:clk_div_inst|clk_out ; clk_in                       ; clk_in      ; 1.000        ; -0.043     ; 2.319      ;
; -1.368 ; clk_div:clk_div_inst|cnt[3]  ; clk_div:clk_div_inst|clk_out ; clk_in                       ; clk_in      ; 1.000        ; -0.043     ; 2.312      ;
; -1.321 ; clk_div:clk_div_inst|cnt[4]  ; clk_div:clk_div_inst|clk_out ; clk_in                       ; clk_in      ; 1.000        ; -0.043     ; 2.265      ;
; -1.319 ; clk_div:clk_div_inst|cnt[7]  ; clk_div:clk_div_inst|clk_out ; clk_in                       ; clk_in      ; 1.000        ; -0.043     ; 2.263      ;
; -1.311 ; clk_div:clk_div_inst|cnt[2]  ; clk_div:clk_div_inst|clk_out ; clk_in                       ; clk_in      ; 1.000        ; -0.043     ; 2.255      ;
; -1.234 ; clk_div:clk_div_inst|cnt[13] ; clk_div:clk_div_inst|clk_out ; clk_in                       ; clk_in      ; 1.000        ; -0.042     ; 2.179      ;
; -1.231 ; clk_div:clk_div_inst|cnt[14] ; clk_div:clk_div_inst|clk_out ; clk_in                       ; clk_in      ; 1.000        ; -0.042     ; 2.176      ;
; -1.190 ; clk_div:clk_div_inst|cnt[22] ; clk_div:clk_div_inst|clk_out ; clk_in                       ; clk_in      ; 1.000        ; -0.042     ; 2.135      ;
; -1.189 ; clk_div:clk_div_inst|cnt[15] ; clk_div:clk_div_inst|clk_out ; clk_in                       ; clk_in      ; 1.000        ; -0.042     ; 2.134      ;
; -1.186 ; clk_div:clk_div_inst|cnt[5]  ; clk_div:clk_div_inst|clk_out ; clk_in                       ; clk_in      ; 1.000        ; -0.043     ; 2.130      ;
; -1.131 ; clk_div:clk_div_inst|cnt[19] ; clk_div:clk_div_inst|clk_out ; clk_in                       ; clk_in      ; 1.000        ; -0.042     ; 2.076      ;
; -1.097 ; clk_div:clk_div_inst|cnt[12] ; clk_div:clk_div_inst|clk_out ; clk_in                       ; clk_in      ; 1.000        ; -0.042     ; 2.042      ;
; -1.080 ; clk_div:clk_div_inst|cnt[20] ; clk_div:clk_div_inst|clk_out ; clk_in                       ; clk_in      ; 1.000        ; -0.042     ; 2.025      ;
; -1.075 ; clk_div:clk_div_inst|cnt[21] ; clk_div:clk_div_inst|clk_out ; clk_in                       ; clk_in      ; 1.000        ; -0.042     ; 2.020      ;
; -1.020 ; clk_div:clk_div_inst|cnt[18] ; clk_div:clk_div_inst|clk_out ; clk_in                       ; clk_in      ; 1.000        ; -0.042     ; 1.965      ;
; -1.014 ; clk_div:clk_div_inst|cnt[16] ; clk_div:clk_div_inst|clk_out ; clk_in                       ; clk_in      ; 1.000        ; -0.042     ; 1.959      ;
; -0.955 ; clk_div:clk_div_inst|cnt[23] ; clk_div:clk_div_inst|clk_out ; clk_in                       ; clk_in      ; 1.000        ; -0.042     ; 1.900      ;
; -0.942 ; clk_div:clk_div_inst|cnt[24] ; clk_div:clk_div_inst|clk_out ; clk_in                       ; clk_in      ; 1.000        ; -0.042     ; 1.887      ;
; -0.902 ; clk_div:clk_div_inst|cnt[17] ; clk_div:clk_div_inst|clk_out ; clk_in                       ; clk_in      ; 1.000        ; -0.042     ; 1.847      ;
; -0.817 ; clk_div:clk_div_inst|cnt[1]  ; clk_div:clk_div_inst|cnt[20] ; clk_in                       ; clk_in      ; 1.000        ; -0.043     ; 1.761      ;
; -0.801 ; clk_div:clk_div_inst|cnt[1]  ; clk_div:clk_div_inst|cnt[24] ; clk_in                       ; clk_in      ; 1.000        ; -0.043     ; 1.745      ;
; -0.777 ; clk_div:clk_div_inst|cnt[6]  ; clk_div:clk_div_inst|cnt[20] ; clk_in                       ; clk_in      ; 1.000        ; -0.042     ; 1.722      ;
; -0.774 ; clk_div:clk_div_inst|cnt[11] ; clk_div:clk_div_inst|cnt[22] ; clk_in                       ; clk_in      ; 1.000        ; -0.042     ; 1.719      ;
; -0.774 ; clk_div:clk_div_inst|cnt[11] ; clk_div:clk_div_inst|cnt[24] ; clk_in                       ; clk_in      ; 1.000        ; -0.042     ; 1.719      ;
; -0.772 ; clk_div:clk_div_inst|cnt[0]  ; clk_div:clk_div_inst|cnt[20] ; clk_in                       ; clk_in      ; 1.000        ; -0.043     ; 1.716      ;
; -0.771 ; clk_div:clk_div_inst|cnt[11] ; clk_div:clk_div_inst|cnt[0]  ; clk_in                       ; clk_in      ; 1.000        ; -0.041     ; 1.717      ;
; -0.761 ; clk_div:clk_div_inst|cnt[6]  ; clk_div:clk_div_inst|cnt[24] ; clk_in                       ; clk_in      ; 1.000        ; -0.042     ; 1.706      ;
; -0.757 ; clk_div:clk_div_inst|cnt[6]  ; clk_div:clk_div_inst|cnt[22] ; clk_in                       ; clk_in      ; 1.000        ; -0.042     ; 1.702      ;
; -0.756 ; clk_div:clk_div_inst|cnt[0]  ; clk_div:clk_div_inst|cnt[24] ; clk_in                       ; clk_in      ; 1.000        ; -0.043     ; 1.700      ;
; -0.754 ; clk_div:clk_div_inst|cnt[6]  ; clk_div:clk_div_inst|cnt[0]  ; clk_in                       ; clk_in      ; 1.000        ; -0.041     ; 1.700      ;
; -0.752 ; clk_div:clk_div_inst|cnt[3]  ; clk_div:clk_div_inst|cnt[20] ; clk_in                       ; clk_in      ; 1.000        ; -0.043     ; 1.696      ;
; -0.747 ; clk_div:clk_div_inst|cnt[1]  ; clk_div:clk_div_inst|cnt[21] ; clk_in                       ; clk_in      ; 1.000        ; -0.043     ; 1.691      ;
; -0.736 ; clk_div:clk_div_inst|cnt[3]  ; clk_div:clk_div_inst|cnt[24] ; clk_in                       ; clk_in      ; 1.000        ; -0.043     ; 1.680      ;
; -0.735 ; clk_div:clk_div_inst|cnt[0]  ; clk_div:clk_div_inst|cnt[21] ; clk_in                       ; clk_in      ; 1.000        ; -0.043     ; 1.679      ;
; -0.734 ; clk_div:clk_div_inst|cnt[1]  ; clk_div:clk_div_inst|cnt[22] ; clk_in                       ; clk_in      ; 1.000        ; -0.043     ; 1.678      ;
; -0.729 ; clk_div:clk_div_inst|cnt[11] ; clk_div:clk_div_inst|cnt[13] ; clk_in                       ; clk_in      ; 1.000        ; -0.042     ; 1.674      ;
; -0.727 ; clk_div:clk_div_inst|cnt[11] ; clk_div:clk_div_inst|cnt[18] ; clk_in                       ; clk_in      ; 1.000        ; -0.042     ; 1.672      ;
; -0.727 ; clk_div:clk_div_inst|cnt[11] ; clk_div:clk_div_inst|cnt[21] ; clk_in                       ; clk_in      ; 1.000        ; -0.042     ; 1.672      ;
; -0.726 ; clk_div:clk_div_inst|cnt[11] ; clk_div:clk_div_inst|cnt[16] ; clk_in                       ; clk_in      ; 1.000        ; -0.042     ; 1.671      ;
; -0.722 ; clk_div:clk_div_inst|cnt[6]  ; clk_div:clk_div_inst|cnt[21] ; clk_in                       ; clk_in      ; 1.000        ; -0.042     ; 1.667      ;
; -0.712 ; clk_div:clk_div_inst|cnt[6]  ; clk_div:clk_div_inst|cnt[13] ; clk_in                       ; clk_in      ; 1.000        ; -0.042     ; 1.657      ;
; -0.710 ; clk_div:clk_div_inst|cnt[11] ; clk_div:clk_div_inst|cnt[20] ; clk_in                       ; clk_in      ; 1.000        ; -0.042     ; 1.655      ;
; -0.710 ; clk_div:clk_div_inst|cnt[6]  ; clk_div:clk_div_inst|cnt[18] ; clk_in                       ; clk_in      ; 1.000        ; -0.042     ; 1.655      ;
; -0.709 ; clk_div:clk_div_inst|cnt[6]  ; clk_div:clk_div_inst|cnt[16] ; clk_in                       ; clk_in      ; 1.000        ; -0.042     ; 1.654      ;
; -0.702 ; clk_div:clk_div_inst|cnt[0]  ; clk_div:clk_div_inst|cnt[22] ; clk_in                       ; clk_in      ; 1.000        ; -0.043     ; 1.646      ;
; -0.701 ; clk_div:clk_div_inst|cnt[2]  ; clk_div:clk_div_inst|cnt[20] ; clk_in                       ; clk_in      ; 1.000        ; -0.043     ; 1.645      ;
; -0.700 ; clk_div:clk_div_inst|cnt[1]  ; clk_div:clk_div_inst|cnt[0]  ; clk_in                       ; clk_in      ; 1.000        ; -0.042     ; 1.645      ;
; -0.699 ; clk_div:clk_div_inst|cnt[0]  ; clk_div:clk_div_inst|cnt[0]  ; clk_in                       ; clk_in      ; 1.000        ; -0.042     ; 1.644      ;
; -0.688 ; clk_div:clk_div_inst|cnt[1]  ; clk_div:clk_div_inst|cnt[18] ; clk_in                       ; clk_in      ; 1.000        ; -0.043     ; 1.632      ;
; -0.685 ; clk_div:clk_div_inst|cnt[2]  ; clk_div:clk_div_inst|cnt[24] ; clk_in                       ; clk_in      ; 1.000        ; -0.043     ; 1.629      ;
; -0.684 ; clk_div:clk_div_inst|cnt[1]  ; clk_div:clk_div_inst|cnt[6]  ; clk_in                       ; clk_in      ; 1.000        ; -0.043     ; 1.628      ;
; -0.683 ; clk_div:clk_div_inst|cnt[5]  ; clk_div:clk_div_inst|cnt[20] ; clk_in                       ; clk_in      ; 1.000        ; -0.043     ; 1.627      ;
; -0.682 ; clk_div:clk_div_inst|cnt[3]  ; clk_div:clk_div_inst|cnt[21] ; clk_in                       ; clk_in      ; 1.000        ; -0.043     ; 1.626      ;
; -0.677 ; clk_div:clk_div_inst|cnt[1]  ; clk_div:clk_div_inst|cnt[19] ; clk_in                       ; clk_in      ; 1.000        ; -0.043     ; 1.621      ;
; -0.669 ; clk_div:clk_div_inst|cnt[3]  ; clk_div:clk_div_inst|cnt[22] ; clk_in                       ; clk_in      ; 1.000        ; -0.043     ; 1.613      ;
; -0.667 ; clk_div:clk_div_inst|cnt[5]  ; clk_div:clk_div_inst|cnt[24] ; clk_in                       ; clk_in      ; 1.000        ; -0.043     ; 1.611      ;
; -0.665 ; clk_div:clk_div_inst|cnt[2]  ; clk_div:clk_div_inst|cnt[21] ; clk_in                       ; clk_in      ; 1.000        ; -0.043     ; 1.609      ;
; -0.665 ; clk_div:clk_div_inst|cnt[0]  ; clk_div:clk_div_inst|cnt[19] ; clk_in                       ; clk_in      ; 1.000        ; -0.043     ; 1.609      ;
; -0.658 ; clk_div:clk_div_inst|cnt[1]  ; clk_div:clk_div_inst|cnt[13] ; clk_in                       ; clk_in      ; 1.000        ; -0.043     ; 1.602      ;
; -0.657 ; clk_div:clk_div_inst|cnt[0]  ; clk_div:clk_div_inst|cnt[13] ; clk_in                       ; clk_in      ; 1.000        ; -0.043     ; 1.601      ;
; -0.655 ; clk_div:clk_div_inst|cnt[1]  ; clk_div:clk_div_inst|cnt[16] ; clk_in                       ; clk_in      ; 1.000        ; -0.043     ; 1.599      ;
; -0.655 ; clk_div:clk_div_inst|cnt[0]  ; clk_div:clk_div_inst|cnt[18] ; clk_in                       ; clk_in      ; 1.000        ; -0.043     ; 1.599      ;
; -0.654 ; clk_div:clk_div_inst|cnt[0]  ; clk_div:clk_div_inst|cnt[16] ; clk_in                       ; clk_in      ; 1.000        ; -0.043     ; 1.598      ;
; -0.652 ; clk_div:clk_div_inst|cnt[6]  ; clk_div:clk_div_inst|cnt[19] ; clk_in                       ; clk_in      ; 1.000        ; -0.042     ; 1.597      ;
; -0.645 ; clk_div:clk_div_inst|cnt[8]  ; clk_div:clk_div_inst|cnt[22] ; clk_in                       ; clk_in      ; 1.000        ; -0.043     ; 1.589      ;
; -0.645 ; clk_div:clk_div_inst|cnt[8]  ; clk_div:clk_div_inst|cnt[24] ; clk_in                       ; clk_in      ; 1.000        ; -0.043     ; 1.589      ;
; -0.642 ; clk_div:clk_div_inst|cnt[8]  ; clk_div:clk_div_inst|cnt[0]  ; clk_in                       ; clk_in      ; 1.000        ; -0.042     ; 1.587      ;
; -0.639 ; clk_div:clk_div_inst|cnt[0]  ; clk_div:clk_div_inst|cnt[6]  ; clk_in                       ; clk_in      ; 1.000        ; -0.043     ; 1.583      ;
; -0.636 ; clk_div:clk_div_inst|cnt[4]  ; clk_div:clk_div_inst|cnt[20] ; clk_in                       ; clk_in      ; 1.000        ; -0.043     ; 1.580      ;
; -0.631 ; clk_div:clk_div_inst|cnt[11] ; clk_div:clk_div_inst|cnt[19] ; clk_in                       ; clk_in      ; 1.000        ; -0.042     ; 1.576      ;
; -0.624 ; clk_div:clk_div_inst|cnt[10] ; clk_div:clk_div_inst|cnt[22] ; clk_in                       ; clk_in      ; 1.000        ; -0.043     ; 1.568      ;
; -0.624 ; clk_div:clk_div_inst|cnt[10] ; clk_div:clk_div_inst|cnt[24] ; clk_in                       ; clk_in      ; 1.000        ; -0.043     ; 1.568      ;
; -0.623 ; clk_div:clk_div_inst|cnt[9]  ; clk_div:clk_div_inst|cnt[22] ; clk_in                       ; clk_in      ; 1.000        ; -0.043     ; 1.567      ;
; -0.623 ; clk_div:clk_div_inst|cnt[9]  ; clk_div:clk_div_inst|cnt[24] ; clk_in                       ; clk_in      ; 1.000        ; -0.043     ; 1.567      ;
; -0.623 ; clk_div:clk_div_inst|cnt[3]  ; clk_div:clk_div_inst|cnt[18] ; clk_in                       ; clk_in      ; 1.000        ; -0.043     ; 1.567      ;
; -0.621 ; clk_div:clk_div_inst|cnt[10] ; clk_div:clk_div_inst|cnt[0]  ; clk_in                       ; clk_in      ; 1.000        ; -0.042     ; 1.566      ;
; -0.620 ; clk_div:clk_div_inst|cnt[4]  ; clk_div:clk_div_inst|cnt[24] ; clk_in                       ; clk_in      ; 1.000        ; -0.043     ; 1.564      ;
; -0.620 ; clk_div:clk_div_inst|cnt[9]  ; clk_div:clk_div_inst|cnt[0]  ; clk_in                       ; clk_in      ; 1.000        ; -0.042     ; 1.565      ;
; -0.619 ; clk_div:clk_div_inst|cnt[3]  ; clk_div:clk_div_inst|cnt[6]  ; clk_in                       ; clk_in      ; 1.000        ; -0.043     ; 1.563      ;
; -0.618 ; clk_div:clk_div_inst|cnt[2]  ; clk_div:clk_div_inst|cnt[22] ; clk_in                       ; clk_in      ; 1.000        ; -0.043     ; 1.562      ;
; -0.617 ; clk_div:clk_div_inst|cnt[1]  ; clk_div:clk_div_inst|cnt[11] ; clk_in                       ; clk_in      ; 1.000        ; -0.043     ; 1.561      ;
; -0.613 ; clk_div:clk_div_inst|cnt[5]  ; clk_div:clk_div_inst|cnt[21] ; clk_in                       ; clk_in      ; 1.000        ; -0.043     ; 1.557      ;
; -0.613 ; clk_div:clk_div_inst|cnt[3]  ; clk_div:clk_div_inst|cnt[0]  ; clk_in                       ; clk_in      ; 1.000        ; -0.042     ; 1.558      ;
; -0.612 ; clk_div:clk_div_inst|cnt[1]  ; clk_div:clk_div_inst|cnt[14] ; clk_in                       ; clk_in      ; 1.000        ; -0.043     ; 1.556      ;
; -0.612 ; clk_div:clk_div_inst|cnt[7]  ; clk_div:clk_div_inst|cnt[20] ; clk_in                       ; clk_in      ; 1.000        ; -0.043     ; 1.556      ;
; -0.612 ; clk_div:clk_div_inst|cnt[3]  ; clk_div:clk_div_inst|cnt[19] ; clk_in                       ; clk_in      ; 1.000        ; -0.043     ; 1.556      ;
; -0.605 ; clk_div:clk_div_inst|cnt[0]  ; clk_div:clk_div_inst|cnt[11] ; clk_in                       ; clk_in      ; 1.000        ; -0.043     ; 1.549      ;
; -0.602 ; clk_div:clk_div_inst|clk_out ; clk_div:clk_div_inst|clk_out ; clk_div:clk_div_inst|clk_out ; clk_in      ; 0.500        ; 1.584      ; 2.768      ;
; -0.600 ; clk_div:clk_div_inst|cnt[5]  ; clk_div:clk_div_inst|cnt[22] ; clk_in                       ; clk_in      ; 1.000        ; -0.043     ; 1.544      ;
; -0.600 ; clk_div:clk_div_inst|cnt[8]  ; clk_div:clk_div_inst|cnt[13] ; clk_in                       ; clk_in      ; 1.000        ; -0.043     ; 1.544      ;
; -0.598 ; clk_div:clk_div_inst|cnt[4]  ; clk_div:clk_div_inst|cnt[21] ; clk_in                       ; clk_in      ; 1.000        ; -0.043     ; 1.542      ;
; -0.598 ; clk_div:clk_div_inst|cnt[8]  ; clk_div:clk_div_inst|cnt[18] ; clk_in                       ; clk_in      ; 1.000        ; -0.043     ; 1.542      ;
; -0.598 ; clk_div:clk_div_inst|cnt[8]  ; clk_div:clk_div_inst|cnt[21] ; clk_in                       ; clk_in      ; 1.000        ; -0.043     ; 1.542      ;
; -0.597 ; clk_div:clk_div_inst|cnt[8]  ; clk_div:clk_div_inst|cnt[16] ; clk_in                       ; clk_in      ; 1.000        ; -0.043     ; 1.541      ;
+--------+------------------------------+------------------------------+------------------------------+-------------+--------------+------------+------------+


+----------------------------------------------------------------------------------------------------------------------------------------------------------------------------------------------+
; Fast 1200mV 0C Model Setup: 'clk_div:clk_div_inst|clk_out'                                                                                                                                   ;
+-------+---------------------------------------+---------------------------------------+------------------------------+------------------------------+--------------+------------+------------+
; Slack ; From Node                             ; To Node                               ; Launch Clock                 ; Latch Clock                  ; Relationship ; Clock Skew ; Data Delay ;
+-------+---------------------------------------+---------------------------------------+------------------------------+------------------------------+--------------+------------+------------+
; 0.410 ; counter_demo:counter_demo_inst|cnt[0] ; counter_demo:counter_demo_inst|cnt[3] ; clk_div:clk_div_inst|clk_out ; clk_div:clk_div_inst|clk_out ; 1.000        ; -0.041     ; 0.536      ;
; 0.417 ; counter_demo:counter_demo_inst|cnt[2] ; counter_demo:counter_demo_inst|cnt[3] ; clk_div:clk_div_inst|clk_out ; clk_div:clk_div_inst|clk_out ; 1.000        ; -0.041     ; 0.529      ;
; 0.419 ; counter_demo:counter_demo_inst|cnt[1] ; counter_demo:counter_demo_inst|cnt[2] ; clk_div:clk_div_inst|clk_out ; clk_div:clk_div_inst|clk_out ; 1.000        ; -0.041     ; 0.527      ;
; 0.548 ; counter_demo:counter_demo_inst|cnt[0] ; counter_demo:counter_demo_inst|cnt[2] ; clk_div:clk_div_inst|clk_out ; clk_div:clk_div_inst|clk_out ; 1.000        ; -0.041     ; 0.398      ;
; 0.549 ; counter_demo:counter_demo_inst|cnt[0] ; counter_demo:counter_demo_inst|cnt[1] ; clk_div:clk_div_inst|clk_out ; clk_div:clk_div_inst|clk_out ; 1.000        ; -0.041     ; 0.397      ;
; 0.551 ; counter_demo:counter_demo_inst|cnt[1] ; counter_demo:counter_demo_inst|cnt[3] ; clk_div:clk_div_inst|clk_out ; clk_div:clk_div_inst|clk_out ; 1.000        ; -0.041     ; 0.395      ;
; 0.587 ; counter_demo:counter_demo_inst|cnt[0] ; counter_demo:counter_demo_inst|cnt[0] ; clk_div:clk_div_inst|clk_out ; clk_div:clk_div_inst|clk_out ; 1.000        ; -0.041     ; 0.359      ;
; 0.587 ; counter_demo:counter_demo_inst|cnt[3] ; counter_demo:counter_demo_inst|cnt[3] ; clk_div:clk_div_inst|clk_out ; clk_div:clk_div_inst|clk_out ; 1.000        ; -0.041     ; 0.359      ;
; 0.587 ; counter_demo:counter_demo_inst|cnt[2] ; counter_demo:counter_demo_inst|cnt[2] ; clk_div:clk_div_inst|clk_out ; clk_div:clk_div_inst|clk_out ; 1.000        ; -0.041     ; 0.359      ;
; 0.587 ; counter_demo:counter_demo_inst|cnt[1] ; counter_demo:counter_demo_inst|cnt[1] ; clk_div:clk_div_inst|clk_out ; clk_div:clk_div_inst|clk_out ; 1.000        ; -0.041     ; 0.359      ;
+-------+---------------------------------------+---------------------------------------+------------------------------+------------------------------+--------------+------------+------------+


+----------------------------------------------------------------------------------------------------------------------------------------------------------------------------------------------+
; Fast 1200mV 0C Model Hold: 'clk_div:clk_div_inst|clk_out'                                                                                                                                    ;
+-------+---------------------------------------+---------------------------------------+------------------------------+------------------------------+--------------+------------+------------+
; Slack ; From Node                             ; To Node                               ; Launch Clock                 ; Latch Clock                  ; Relationship ; Clock Skew ; Data Delay ;
+-------+---------------------------------------+---------------------------------------+------------------------------+------------------------------+--------------+------------+------------+
; 0.182 ; counter_demo:counter_demo_inst|cnt[3] ; counter_demo:counter_demo_inst|cnt[3] ; clk_div:clk_div_inst|clk_out ; clk_div:clk_div_inst|clk_out ; 0.000        ; 0.041      ; 0.307      ;
; 0.182 ; counter_demo:counter_demo_inst|cnt[2] ; counter_demo:counter_demo_inst|cnt[2] ; clk_div:clk_div_inst|clk_out ; clk_div:clk_div_inst|clk_out ; 0.000        ; 0.041      ; 0.307      ;
; 0.182 ; counter_demo:counter_demo_inst|cnt[1] ; counter_demo:counter_demo_inst|cnt[1] ; clk_div:clk_div_inst|clk_out ; clk_div:clk_div_inst|clk_out ; 0.000        ; 0.041      ; 0.307      ;
; 0.189 ; counter_demo:counter_demo_inst|cnt[0] ; counter_demo:counter_demo_inst|cnt[0] ; clk_div:clk_div_inst|clk_out ; clk_div:clk_div_inst|clk_out ; 0.000        ; 0.041      ; 0.314      ;
; 0.208 ; counter_demo:counter_demo_inst|cnt[1] ; counter_demo:counter_demo_inst|cnt[3] ; clk_div:clk_div_inst|clk_out ; clk_div:clk_div_inst|clk_out ; 0.000        ; 0.041      ; 0.333      ;
; 0.209 ; counter_demo:counter_demo_inst|cnt[0] ; counter_demo:counter_demo_inst|cnt[2] ; clk_div:clk_div_inst|clk_out ; clk_div:clk_div_inst|clk_out ; 0.000        ; 0.041      ; 0.334      ;
; 0.209 ; counter_demo:counter_demo_inst|cnt[0] ; counter_demo:counter_demo_inst|cnt[1] ; clk_div:clk_div_inst|clk_out ; clk_div:clk_div_inst|clk_out ; 0.000        ; 0.041      ; 0.334      ;
; 0.304 ; counter_demo:counter_demo_inst|cnt[1] ; counter_demo:counter_demo_inst|cnt[2] ; clk_div:clk_div_inst|clk_out ; clk_div:clk_div_inst|clk_out ; 0.000        ; 0.041      ; 0.429      ;
; 0.305 ; counter_demo:counter_demo_inst|cnt[2] ; counter_demo:counter_demo_inst|cnt[3] ; clk_div:clk_div_inst|clk_out ; clk_div:clk_div_inst|clk_out ; 0.000        ; 0.041      ; 0.430      ;
; 0.310 ; counter_demo:counter_demo_inst|cnt[0] ; counter_demo:counter_demo_inst|cnt[3] ; clk_div:clk_div_inst|clk_out ; clk_div:clk_div_inst|clk_out ; 0.000        ; 0.041      ; 0.435      ;
+-------+---------------------------------------+---------------------------------------+------------------------------+------------------------------+--------------+------------+------------+


+-----------------------------------------------------------------------------------------------------------------------------------------------------------+
; Fast 1200mV 0C Model Hold: 'clk_in'                                                                                                                       ;
+-------+------------------------------+------------------------------+------------------------------+-------------+--------------+------------+------------+
; Slack ; From Node                    ; To Node                      ; Launch Clock                 ; Latch Clock ; Relationship ; Clock Skew ; Data Delay ;
+-------+------------------------------+------------------------------+------------------------------+-------------+--------------+------------+------------+
; 0.291 ; clk_div:clk_div_inst|cnt[9]  ; clk_div:clk_div_inst|cnt[9]  ; clk_in                       ; clk_in      ; 0.000        ; 0.042      ; 0.417      ;
; 0.292 ; clk_div:clk_div_inst|cnt[5]  ; clk_div:clk_div_inst|cnt[5]  ; clk_in                       ; clk_in      ; 0.000        ; 0.042      ; 0.418      ;
; 0.292 ; clk_div:clk_div_inst|cnt[7]  ; clk_div:clk_div_inst|cnt[7]  ; clk_in                       ; clk_in      ; 0.000        ; 0.042      ; 0.418      ;
; 0.292 ; clk_div:clk_div_inst|cnt[10] ; clk_div:clk_div_inst|cnt[10] ; clk_in                       ; clk_in      ; 0.000        ; 0.042      ; 0.418      ;
; 0.292 ; clk_div:clk_div_inst|cnt[2]  ; clk_div:clk_div_inst|cnt[2]  ; clk_in                       ; clk_in      ; 0.000        ; 0.042      ; 0.418      ;
; 0.292 ; clk_div:clk_div_inst|cnt[1]  ; clk_div:clk_div_inst|cnt[1]  ; clk_in                       ; clk_in      ; 0.000        ; 0.042      ; 0.418      ;
; 0.293 ; clk_div:clk_div_inst|cnt[3]  ; clk_div:clk_div_inst|cnt[3]  ; clk_in                       ; clk_in      ; 0.000        ; 0.042      ; 0.419      ;
; 0.294 ; clk_div:clk_div_inst|cnt[4]  ; clk_div:clk_div_inst|cnt[4]  ; clk_in                       ; clk_in      ; 0.000        ; 0.042      ; 0.420      ;
; 0.299 ; clk_div:clk_div_inst|cnt[15] ; clk_div:clk_div_inst|cnt[15] ; clk_in                       ; clk_in      ; 0.000        ; 0.042      ; 0.425      ;
; 0.299 ; clk_div:clk_div_inst|cnt[17] ; clk_div:clk_div_inst|cnt[17] ; clk_in                       ; clk_in      ; 0.000        ; 0.042      ; 0.425      ;
; 0.299 ; clk_div:clk_div_inst|cnt[23] ; clk_div:clk_div_inst|cnt[23] ; clk_in                       ; clk_in      ; 0.000        ; 0.042      ; 0.425      ;
; 0.301 ; clk_div:clk_div_inst|cnt[8]  ; clk_div:clk_div_inst|cnt[8]  ; clk_in                       ; clk_in      ; 0.000        ; 0.042      ; 0.427      ;
; 0.350 ; clk_div:clk_div_inst|cnt[24] ; clk_div:clk_div_inst|cnt[24] ; clk_in                       ; clk_in      ; 0.000        ; 0.042      ; 0.476      ;
; 0.440 ; clk_div:clk_div_inst|cnt[9]  ; clk_div:clk_div_inst|cnt[10] ; clk_in                       ; clk_in      ; 0.000        ; 0.042      ; 0.566      ;
; 0.441 ; clk_div:clk_div_inst|cnt[1]  ; clk_div:clk_div_inst|cnt[2]  ; clk_in                       ; clk_in      ; 0.000        ; 0.042      ; 0.567      ;
; 0.441 ; clk_div:clk_div_inst|cnt[7]  ; clk_div:clk_div_inst|cnt[8]  ; clk_in                       ; clk_in      ; 0.000        ; 0.042      ; 0.567      ;
; 0.441 ; clk_div:clk_div_inst|clk_out ; clk_div:clk_div_inst|clk_out ; clk_div:clk_div_inst|clk_out ; clk_in      ; 0.000        ; 1.646      ; 2.306      ;
; 0.442 ; clk_div:clk_div_inst|cnt[3]  ; clk_div:clk_div_inst|cnt[4]  ; clk_in                       ; clk_in      ; 0.000        ; 0.042      ; 0.568      ;
; 0.450 ; clk_div:clk_div_inst|cnt[2]  ; clk_div:clk_div_inst|cnt[3]  ; clk_in                       ; clk_in      ; 0.000        ; 0.042      ; 0.576      ;
; 0.452 ; clk_div:clk_div_inst|cnt[22] ; clk_div:clk_div_inst|cnt[22] ; clk_in                       ; clk_in      ; 0.000        ; 0.042      ; 0.578      ;
; 0.452 ; clk_div:clk_div_inst|cnt[4]  ; clk_div:clk_div_inst|cnt[5]  ; clk_in                       ; clk_in      ; 0.000        ; 0.042      ; 0.578      ;
; 0.452 ; clk_div:clk_div_inst|cnt[0]  ; clk_div:clk_div_inst|cnt[1]  ; clk_in                       ; clk_in      ; 0.000        ; 0.042      ; 0.578      ;
; 0.453 ; clk_div:clk_div_inst|cnt[2]  ; clk_div:clk_div_inst|cnt[4]  ; clk_in                       ; clk_in      ; 0.000        ; 0.042      ; 0.579      ;
; 0.455 ; clk_div:clk_div_inst|cnt[0]  ; clk_div:clk_div_inst|cnt[2]  ; clk_in                       ; clk_in      ; 0.000        ; 0.042      ; 0.581      ;
; 0.458 ; clk_div:clk_div_inst|cnt[22] ; clk_div:clk_div_inst|cnt[23] ; clk_in                       ; clk_in      ; 0.000        ; 0.042      ; 0.584      ;
; 0.459 ; clk_div:clk_div_inst|cnt[8]  ; clk_div:clk_div_inst|cnt[9]  ; clk_in                       ; clk_in      ; 0.000        ; 0.042      ; 0.585      ;
; 0.462 ; clk_div:clk_div_inst|cnt[8]  ; clk_div:clk_div_inst|cnt[10] ; clk_in                       ; clk_in      ; 0.000        ; 0.042      ; 0.588      ;
; 0.504 ; clk_div:clk_div_inst|cnt[5]  ; clk_div:clk_div_inst|cnt[7]  ; clk_in                       ; clk_in      ; 0.000        ; 0.042      ; 0.630      ;
; 0.504 ; clk_div:clk_div_inst|cnt[1]  ; clk_div:clk_div_inst|cnt[3]  ; clk_in                       ; clk_in      ; 0.000        ; 0.042      ; 0.630      ;
; 0.504 ; clk_div:clk_div_inst|cnt[7]  ; clk_div:clk_div_inst|cnt[9]  ; clk_in                       ; clk_in      ; 0.000        ; 0.042      ; 0.630      ;
; 0.505 ; clk_div:clk_div_inst|cnt[3]  ; clk_div:clk_div_inst|cnt[5]  ; clk_in                       ; clk_in      ; 0.000        ; 0.042      ; 0.631      ;
; 0.507 ; clk_div:clk_div_inst|cnt[5]  ; clk_div:clk_div_inst|cnt[8]  ; clk_in                       ; clk_in      ; 0.000        ; 0.042      ; 0.633      ;
; 0.507 ; clk_div:clk_div_inst|cnt[1]  ; clk_div:clk_div_inst|cnt[4]  ; clk_in                       ; clk_in      ; 0.000        ; 0.042      ; 0.633      ;
; 0.507 ; clk_div:clk_div_inst|cnt[7]  ; clk_div:clk_div_inst|cnt[10] ; clk_in                       ; clk_in      ; 0.000        ; 0.042      ; 0.633      ;
; 0.511 ; clk_div:clk_div_inst|cnt[15] ; clk_div:clk_div_inst|cnt[17] ; clk_in                       ; clk_in      ; 0.000        ; 0.042      ; 0.637      ;
; 0.513 ; clk_div:clk_div_inst|cnt[19] ; clk_div:clk_div_inst|cnt[19] ; clk_in                       ; clk_in      ; 0.000        ; 0.042      ; 0.639      ;
; 0.516 ; clk_div:clk_div_inst|cnt[2]  ; clk_div:clk_div_inst|cnt[5]  ; clk_in                       ; clk_in      ; 0.000        ; 0.042      ; 0.642      ;
; 0.518 ; clk_div:clk_div_inst|cnt[4]  ; clk_div:clk_div_inst|cnt[7]  ; clk_in                       ; clk_in      ; 0.000        ; 0.042      ; 0.644      ;
; 0.518 ; clk_div:clk_div_inst|cnt[0]  ; clk_div:clk_div_inst|cnt[3]  ; clk_in                       ; clk_in      ; 0.000        ; 0.042      ; 0.644      ;
; 0.521 ; clk_div:clk_div_inst|cnt[4]  ; clk_div:clk_div_inst|cnt[8]  ; clk_in                       ; clk_in      ; 0.000        ; 0.042      ; 0.647      ;
; 0.521 ; clk_div:clk_div_inst|cnt[0]  ; clk_div:clk_div_inst|cnt[4]  ; clk_in                       ; clk_in      ; 0.000        ; 0.042      ; 0.647      ;
; 0.525 ; clk_div:clk_div_inst|cnt[0]  ; clk_div:clk_div_inst|cnt[0]  ; clk_in                       ; clk_in      ; 0.000        ; 0.042      ; 0.651      ;
; 0.529 ; clk_div:clk_div_inst|cnt[16] ; clk_div:clk_div_inst|cnt[17] ; clk_in                       ; clk_in      ; 0.000        ; 0.042      ; 0.655      ;
; 0.544 ; clk_div:clk_div_inst|cnt[14] ; clk_div:clk_div_inst|cnt[15] ; clk_in                       ; clk_in      ; 0.000        ; 0.042      ; 0.670      ;
; 0.570 ; clk_div:clk_div_inst|cnt[5]  ; clk_div:clk_div_inst|cnt[9]  ; clk_in                       ; clk_in      ; 0.000        ; 0.042      ; 0.696      ;
; 0.570 ; clk_div:clk_div_inst|cnt[1]  ; clk_div:clk_div_inst|cnt[5]  ; clk_in                       ; clk_in      ; 0.000        ; 0.042      ; 0.696      ;
; 0.571 ; clk_div:clk_div_inst|cnt[3]  ; clk_div:clk_div_inst|cnt[7]  ; clk_in                       ; clk_in      ; 0.000        ; 0.042      ; 0.697      ;
; 0.573 ; clk_div:clk_div_inst|cnt[5]  ; clk_div:clk_div_inst|cnt[10] ; clk_in                       ; clk_in      ; 0.000        ; 0.042      ; 0.699      ;
; 0.574 ; clk_div:clk_div_inst|cnt[3]  ; clk_div:clk_div_inst|cnt[8]  ; clk_in                       ; clk_in      ; 0.000        ; 0.042      ; 0.700      ;
; 0.579 ; clk_div:clk_div_inst|cnt[19] ; clk_div:clk_div_inst|cnt[23] ; clk_in                       ; clk_in      ; 0.000        ; 0.042      ; 0.705      ;
; 0.581 ; clk_div:clk_div_inst|cnt[21] ; clk_div:clk_div_inst|cnt[23] ; clk_in                       ; clk_in      ; 0.000        ; 0.042      ; 0.707      ;
; 0.582 ; clk_div:clk_div_inst|cnt[2]  ; clk_div:clk_div_inst|cnt[7]  ; clk_in                       ; clk_in      ; 0.000        ; 0.042      ; 0.708      ;
; 0.583 ; clk_div:clk_div_inst|cnt[10] ; clk_div:clk_div_inst|cnt[15] ; clk_in                       ; clk_in      ; 0.000        ; 0.041      ; 0.708      ;
; 0.584 ; clk_div:clk_div_inst|cnt[4]  ; clk_div:clk_div_inst|cnt[9]  ; clk_in                       ; clk_in      ; 0.000        ; 0.042      ; 0.710      ;
; 0.584 ; clk_div:clk_div_inst|cnt[0]  ; clk_div:clk_div_inst|cnt[5]  ; clk_in                       ; clk_in      ; 0.000        ; 0.042      ; 0.710      ;
; 0.585 ; clk_div:clk_div_inst|cnt[2]  ; clk_div:clk_div_inst|cnt[8]  ; clk_in                       ; clk_in      ; 0.000        ; 0.042      ; 0.711      ;
; 0.586 ; clk_div:clk_div_inst|cnt[21] ; clk_div:clk_div_inst|cnt[21] ; clk_in                       ; clk_in      ; 0.000        ; 0.042      ; 0.712      ;
; 0.587 ; clk_div:clk_div_inst|cnt[4]  ; clk_div:clk_div_inst|cnt[10] ; clk_in                       ; clk_in      ; 0.000        ; 0.042      ; 0.713      ;
; 0.588 ; clk_div:clk_div_inst|cnt[16] ; clk_div:clk_div_inst|cnt[16] ; clk_in                       ; clk_in      ; 0.000        ; 0.042      ; 0.714      ;
; 0.592 ; clk_div:clk_div_inst|cnt[12] ; clk_div:clk_div_inst|cnt[15] ; clk_in                       ; clk_in      ; 0.000        ; 0.042      ; 0.718      ;
; 0.595 ; clk_div:clk_div_inst|cnt[13] ; clk_div:clk_div_inst|cnt[15] ; clk_in                       ; clk_in      ; 0.000        ; 0.042      ; 0.721      ;
; 0.599 ; clk_div:clk_div_inst|cnt[23] ; clk_div:clk_div_inst|cnt[24] ; clk_in                       ; clk_in      ; 0.000        ; 0.042      ; 0.725      ;
; 0.607 ; clk_div:clk_div_inst|cnt[13] ; clk_div:clk_div_inst|cnt[13] ; clk_in                       ; clk_in      ; 0.000        ; 0.042      ; 0.733      ;
; 0.609 ; clk_div:clk_div_inst|cnt[20] ; clk_div:clk_div_inst|cnt[23] ; clk_in                       ; clk_in      ; 0.000        ; 0.042      ; 0.735      ;
; 0.610 ; clk_div:clk_div_inst|cnt[14] ; clk_div:clk_div_inst|cnt[17] ; clk_in                       ; clk_in      ; 0.000        ; 0.042      ; 0.736      ;
; 0.612 ; clk_div:clk_div_inst|cnt[22] ; clk_div:clk_div_inst|cnt[24] ; clk_in                       ; clk_in      ; 0.000        ; 0.042      ; 0.738      ;
; 0.616 ; clk_div:clk_div_inst|cnt[18] ; clk_div:clk_div_inst|cnt[18] ; clk_in                       ; clk_in      ; 0.000        ; 0.042      ; 0.742      ;
; 0.635 ; clk_div:clk_div_inst|cnt[6]  ; clk_div:clk_div_inst|cnt[7]  ; clk_in                       ; clk_in      ; 0.000        ; 0.043      ; 0.762      ;
; 0.636 ; clk_div:clk_div_inst|cnt[1]  ; clk_div:clk_div_inst|cnt[7]  ; clk_in                       ; clk_in      ; 0.000        ; 0.042      ; 0.762      ;
; 0.636 ; clk_div:clk_div_inst|cnt[9]  ; clk_div:clk_div_inst|cnt[15] ; clk_in                       ; clk_in      ; 0.000        ; 0.041      ; 0.761      ;
; 0.637 ; clk_div:clk_div_inst|cnt[3]  ; clk_div:clk_div_inst|cnt[9]  ; clk_in                       ; clk_in      ; 0.000        ; 0.042      ; 0.763      ;
; 0.638 ; clk_div:clk_div_inst|cnt[6]  ; clk_div:clk_div_inst|cnt[8]  ; clk_in                       ; clk_in      ; 0.000        ; 0.043      ; 0.765      ;
; 0.639 ; clk_div:clk_div_inst|cnt[1]  ; clk_div:clk_div_inst|cnt[8]  ; clk_in                       ; clk_in      ; 0.000        ; 0.042      ; 0.765      ;
; 0.640 ; clk_div:clk_div_inst|cnt[3]  ; clk_div:clk_div_inst|cnt[10] ; clk_in                       ; clk_in      ; 0.000        ; 0.042      ; 0.766      ;
; 0.643 ; clk_div:clk_div_inst|cnt[17] ; clk_div:clk_div_inst|cnt[23] ; clk_in                       ; clk_in      ; 0.000        ; 0.042      ; 0.769      ;
; 0.648 ; clk_div:clk_div_inst|cnt[2]  ; clk_div:clk_div_inst|cnt[9]  ; clk_in                       ; clk_in      ; 0.000        ; 0.042      ; 0.774      ;
; 0.649 ; clk_div:clk_div_inst|cnt[10] ; clk_div:clk_div_inst|cnt[17] ; clk_in                       ; clk_in      ; 0.000        ; 0.041      ; 0.774      ;
; 0.650 ; clk_div:clk_div_inst|cnt[0]  ; clk_div:clk_div_inst|cnt[7]  ; clk_in                       ; clk_in      ; 0.000        ; 0.042      ; 0.776      ;
; 0.651 ; clk_div:clk_div_inst|cnt[2]  ; clk_div:clk_div_inst|cnt[10] ; clk_in                       ; clk_in      ; 0.000        ; 0.042      ; 0.777      ;
; 0.653 ; clk_div:clk_div_inst|cnt[12] ; clk_div:clk_div_inst|cnt[12] ; clk_in                       ; clk_in      ; 0.000        ; 0.042      ; 0.779      ;
; 0.653 ; clk_div:clk_div_inst|cnt[0]  ; clk_div:clk_div_inst|cnt[8]  ; clk_in                       ; clk_in      ; 0.000        ; 0.042      ; 0.779      ;
; 0.658 ; clk_div:clk_div_inst|cnt[8]  ; clk_div:clk_div_inst|cnt[15] ; clk_in                       ; clk_in      ; 0.000        ; 0.041      ; 0.783      ;
; 0.658 ; clk_div:clk_div_inst|cnt[12] ; clk_div:clk_div_inst|cnt[17] ; clk_in                       ; clk_in      ; 0.000        ; 0.042      ; 0.784      ;
; 0.661 ; clk_div:clk_div_inst|cnt[13] ; clk_div:clk_div_inst|cnt[17] ; clk_in                       ; clk_in      ; 0.000        ; 0.042      ; 0.787      ;
; 0.663 ; clk_div:clk_div_inst|cnt[14] ; clk_div:clk_div_inst|cnt[14] ; clk_in                       ; clk_in      ; 0.000        ; 0.042      ; 0.789      ;
; 0.664 ; clk_div:clk_div_inst|cnt[20] ; clk_div:clk_div_inst|cnt[20] ; clk_in                       ; clk_in      ; 0.000        ; 0.042      ; 0.790      ;
; 0.665 ; clk_div:clk_div_inst|cnt[15] ; clk_div:clk_div_inst|cnt[16] ; clk_in                       ; clk_in      ; 0.000        ; 0.042      ; 0.791      ;
; 0.668 ; clk_div:clk_div_inst|cnt[19] ; clk_div:clk_div_inst|cnt[22] ; clk_in                       ; clk_in      ; 0.000        ; 0.042      ; 0.794      ;
; 0.670 ; clk_div:clk_div_inst|cnt[21] ; clk_div:clk_div_inst|cnt[22] ; clk_in                       ; clk_in      ; 0.000        ; 0.042      ; 0.796      ;
; 0.674 ; clk_div:clk_div_inst|cnt[24] ; clk_div:clk_div_inst|cnt[14] ; clk_in                       ; clk_in      ; 0.000        ; 0.042      ; 0.800      ;
; 0.674 ; clk_div:clk_div_inst|cnt[24] ; clk_div:clk_div_inst|cnt[20] ; clk_in                       ; clk_in      ; 0.000        ; 0.042      ; 0.800      ;
; 0.675 ; clk_div:clk_div_inst|cnt[17] ; clk_div:clk_div_inst|cnt[18] ; clk_in                       ; clk_in      ; 0.000        ; 0.042      ; 0.801      ;
; 0.676 ; clk_div:clk_div_inst|cnt[24] ; clk_div:clk_div_inst|cnt[11] ; clk_in                       ; clk_in      ; 0.000        ; 0.042      ; 0.802      ;
; 0.676 ; clk_div:clk_div_inst|cnt[24] ; clk_div:clk_div_inst|cnt[12] ; clk_in                       ; clk_in      ; 0.000        ; 0.042      ; 0.802      ;
; 0.678 ; clk_div:clk_div_inst|cnt[24] ; clk_div:clk_div_inst|cnt[6]  ; clk_in                       ; clk_in      ; 0.000        ; 0.042      ; 0.804      ;
; 0.679 ; clk_div:clk_div_inst|cnt[18] ; clk_div:clk_div_inst|cnt[23] ; clk_in                       ; clk_in      ; 0.000        ; 0.042      ; 0.805      ;
; 0.698 ; clk_div:clk_div_inst|cnt[20] ; clk_div:clk_div_inst|cnt[22] ; clk_in                       ; clk_in      ; 0.000        ; 0.042      ; 0.824      ;
; 0.701 ; clk_div:clk_div_inst|cnt[6]  ; clk_div:clk_div_inst|cnt[9]  ; clk_in                       ; clk_in      ; 0.000        ; 0.043      ; 0.828      ;
; 0.702 ; clk_div:clk_div_inst|cnt[1]  ; clk_div:clk_div_inst|cnt[9]  ; clk_in                       ; clk_in      ; 0.000        ; 0.042      ; 0.828      ;
; 0.702 ; clk_div:clk_div_inst|cnt[9]  ; clk_div:clk_div_inst|cnt[17] ; clk_in                       ; clk_in      ; 0.000        ; 0.041      ; 0.827      ;
+-------+------------------------------+------------------------------+------------------------------+-------------+--------------+------------+------------+


----------------------------------------------
; Fast 1200mV 0C Model Metastability Summary ;
----------------------------------------------
No synchronizer chains to report.


+--------------------------------------------------------------------------------------------+
; Multicorner Timing Analysis Summary                                                        ;
+-------------------------------+---------+-------+----------+---------+---------------------+
; Clock                         ; Setup   ; Hold  ; Recovery ; Removal ; Minimum Pulse Width ;
+-------------------------------+---------+-------+----------+---------+---------------------+
; Worst-case Slack              ; -3.961  ; 0.182 ; N/A      ; N/A     ; -3.000              ;
;  clk_div:clk_div_inst|clk_out ; -0.202  ; 0.182 ; N/A      ; N/A     ; -1.285              ;
;  clk_in                       ; -3.961  ; 0.291 ; N/A      ; N/A     ; -3.000              ;
; Design-wide TNS               ; -51.245 ; 0.0   ; 0.0      ; 0.0     ; -41.55              ;
;  clk_div:clk_div_inst|clk_out ; -0.390  ; 0.000 ; N/A      ; N/A     ; -5.140              ;
;  clk_in                       ; -50.855 ; 0.000 ; N/A      ; N/A     ; -36.410             ;
+-------------------------------+---------+-------+----------+---------+---------------------+


+------------------------------------------------------------------------------------------------------------------------------------------------------------------------------------------------------------------------------------------------------------------------------------------------------------------------------------------------------------------------------------------------------------------+
; Board Trace Model Assignments                                                                                                                                                                                                                                                                                                                                                                                    ;
+---------------+--------------+-------------------+-------------------------+-------------------------+---------------+---------------------+----------------+------------------+--------+------------------+------------------------+------------------------+--------------+---------------+-----------------+-------+---------------------+--------------------+---------------+-----------------+-------------+
; Pin           ; I/O Standard ; Near Tline Length ; Near Tline L per Length ; Near Tline C per Length ; Near Series R ; Near Differential R ; Near Pull-up R ; Near Pull-down R ; Near C ; Far Tline Length ; Far Tline L per Length ; Far Tline C per Length ; Far Series R ; Far Pull-up R ; Far Pull-down R ; Far C ; Termination Voltage ; Far Differential R ; EBD File Name ; EBD Signal Name ; EBD Far-end ;
+---------------+--------------+-------------------+-------------------------+-------------------------+---------------+---------------------+----------------+------------------+--------+------------------+------------------------+------------------------+--------------+---------------+-----------------+-------+---------------------+--------------------+---------------+-----------------+-------------+
; b[0]          ; 2.5 V        ; 0 in              ; 0 H/in                  ; 0 F/in                  ; short         ; -                   ; open           ; open             ; open   ; 0 in             ; 0 H/in                 ; 0 F/in                 ; short        ; open          ; open            ; open  ; 0 V                 ; -                  ; n/a           ; n/a             ; n/a         ;
; b[1]          ; 2.5 V        ; 0 in              ; 0 H/in                  ; 0 F/in                  ; short         ; -                   ; open           ; open             ; open   ; 0 in             ; 0 H/in                 ; 0 F/in                 ; short        ; open          ; open            ; open  ; 0 V                 ; -                  ; n/a           ; n/a             ; n/a         ;
; b[2]          ; 2.5 V        ; 0 in              ; 0 H/in                  ; 0 F/in                  ; short         ; -                   ; open           ; open             ; open   ; 0 in             ; 0 H/in                 ; 0 F/in                 ; short        ; open          ; open            ; open  ; 0 V                 ; -                  ; n/a           ; n/a             ; n/a         ;
; b[3]          ; 2.5 V        ; 0 in              ; 0 H/in                  ; 0 F/in                  ; short         ; -                   ; open           ; open             ; open   ; 0 in             ; 0 H/in                 ; 0 F/in                 ; short        ; open          ; open            ; open  ; 0 V                 ; -                  ; n/a           ; n/a             ; n/a         ;
; ~ALTERA_DCLK~ ; 2.5 V        ; 0 in              ; 0 H/in                  ; 0 F/in                  ; short         ; -                   ; open           ; open             ; open   ; 0 in             ; 0 H/in                 ; 0 F/in                 ; short        ; open          ; open            ; open  ; 0 V                 ; -                  ; n/a           ; n/a             ; n/a         ;
; ~ALTERA_nCEO~ ; 2.5 V        ; 0 in              ; 0 H/in                  ; 0 F/in                  ; short         ; -                   ; open           ; open             ; open   ; 0 in             ; 0 H/in                 ; 0 F/in                 ; short        ; open          ; open            ; open  ; 0 V                 ; -                  ; n/a           ; n/a             ; n/a         ;
+---------------+--------------+-------------------+-------------------------+-------------------------+---------------+---------------------+----------------+------------------+--------+------------------+------------------------+------------------------+--------------+---------------+-----------------+-------+---------------------+--------------------+---------------+-----------------+-------------+


+----------------------------------------------------------------------------+
; Input Transition Times                                                     ;
+-------------------------+--------------+-----------------+-----------------+
; Pin                     ; I/O Standard ; 10-90 Rise Time ; 90-10 Fall Time ;
+-------------------------+--------------+-----------------+-----------------+
; rst_n                   ; 2.5 V        ; 2000 ps         ; 2000 ps         ;
; clk_in                  ; 2.5 V        ; 2000 ps         ; 2000 ps         ;
; ~ALTERA_ASDO_DATA1~     ; 2.5 V        ; 2000 ps         ; 2000 ps         ;
; ~ALTERA_FLASH_nCE_nCSO~ ; 2.5 V        ; 2000 ps         ; 2000 ps         ;
; ~ALTERA_DATA0~          ; 2.5 V        ; 2000 ps         ; 2000 ps         ;
+-------------------------+--------------+-----------------+-----------------+


+--------------------------------------------------------------------------------------------------------------------------------------------------------------------------------------------------------------------------------------------------------------------------------------------------------------------------------------------------------------------------------------------------------------------------------------------------------------------------------------------------------------------------------------------------------------------------------------------------------------------------------------------------------------------------------------------+
; Signal Integrity Metrics (Slow 1200mv 0c Model)                                                                                                                                                                                                                                                                                                                                                                                                                                                                                                                                                                                                                                            ;
+---------------+--------------+---------------------+---------------------+------------------------------+------------------------------+---------------------+---------------------+--------------------------------------+--------------------------------------+-----------------------------+-----------------------------+----------------------------+----------------------------+-----------------------------+-----------------------------+--------------------+--------------------+-------------------------------------+-------------------------------------+----------------------------+----------------------------+---------------------------+---------------------------+
; Pin           ; I/O Standard ; Board Delay on Rise ; Board Delay on Fall ; Steady State Voh at FPGA Pin ; Steady State Vol at FPGA Pin ; Voh Max at FPGA Pin ; Vol Min at FPGA Pin ; Ringback Voltage on Rise at FPGA Pin ; Ringback Voltage on Fall at FPGA Pin ; 10-90 Rise Time at FPGA Pin ; 90-10 Fall Time at FPGA Pin ; Monotonic Rise at FPGA Pin ; Monotonic Fall at FPGA Pin ; Steady State Voh at Far-end ; Steady State Vol at Far-end ; Voh Max at Far-end ; Vol Min at Far-end ; Ringback Voltage on Rise at Far-end ; Ringback Voltage on Fall at Far-end ; 10-90 Rise Time at Far-end ; 90-10 Fall Time at Far-end ; Monotonic Rise at Far-end ; Monotonic Fall at Far-end ;
+---------------+--------------+---------------------+---------------------+------------------------------+------------------------------+---------------------+---------------------+--------------------------------------+--------------------------------------+-----------------------------+-----------------------------+----------------------------+----------------------------+-----------------------------+-----------------------------+--------------------+--------------------+-------------------------------------+-------------------------------------+----------------------------+----------------------------+---------------------------+---------------------------+
; b[0]          ; 2.5 V        ; 0 s                 ; 0 s                 ; 2.32 V                       ; 4.49e-09 V                   ; 2.38 V              ; -0.00552 V          ; 0.096 V                              ; 0.019 V                              ; 4.18e-10 s                  ; 3.59e-10 s                  ; No                         ; Yes                        ; 2.32 V                      ; 4.49e-09 V                  ; 2.38 V             ; -0.00552 V         ; 0.096 V                             ; 0.019 V                             ; 4.18e-10 s                 ; 3.59e-10 s                 ; No                        ; Yes                       ;
; b[1]          ; 2.5 V        ; 0 s                 ; 0 s                 ; 2.32 V                       ; 4.49e-09 V                   ; 2.38 V              ; -0.00552 V          ; 0.096 V                              ; 0.019 V                              ; 4.18e-10 s                  ; 3.59e-10 s                  ; No                         ; Yes                        ; 2.32 V                      ; 4.49e-09 V                  ; 2.38 V             ; -0.00552 V         ; 0.096 V                             ; 0.019 V                             ; 4.18e-10 s                 ; 3.59e-10 s                 ; No                        ; Yes                       ;
; b[2]          ; 2.5 V        ; 0 s                 ; 0 s                 ; 2.32 V                       ; 4.49e-09 V                   ; 2.38 V              ; -0.00552 V          ; 0.096 V                              ; 0.019 V                              ; 4.18e-10 s                  ; 3.59e-10 s                  ; No                         ; Yes                        ; 2.32 V                      ; 4.49e-09 V                  ; 2.38 V             ; -0.00552 V         ; 0.096 V                             ; 0.019 V                             ; 4.18e-10 s                 ; 3.59e-10 s                 ; No                        ; Yes                       ;
; b[3]          ; 2.5 V        ; 0 s                 ; 0 s                 ; 2.32 V                       ; 4.49e-09 V                   ; 2.38 V              ; -0.00552 V          ; 0.096 V                              ; 0.019 V                              ; 4.18e-10 s                  ; 3.59e-10 s                  ; No                         ; Yes                        ; 2.32 V                      ; 4.49e-09 V                  ; 2.38 V             ; -0.00552 V         ; 0.096 V                             ; 0.019 V                             ; 4.18e-10 s                 ; 3.59e-10 s                 ; No                        ; Yes                       ;
; ~ALTERA_DCLK~ ; 2.5 V        ; 0 s                 ; 0 s                 ; 2.32 V                       ; 2.67e-09 V                   ; 2.38 V              ; -0.0485 V           ; 0.167 V                              ; 0.096 V                              ; 2.95e-10 s                  ; 2.73e-10 s                  ; Yes                        ; Yes                        ; 2.32 V                      ; 2.67e-09 V                  ; 2.38 V             ; -0.0485 V          ; 0.167 V                             ; 0.096 V                             ; 2.95e-10 s                 ; 2.73e-10 s                 ; Yes                       ; Yes                       ;
; ~ALTERA_nCEO~ ; 2.5 V        ; 0 s                 ; 0 s                 ; 2.32 V                       ; 4.18e-09 V                   ; 2.38 V              ; -0.00483 V          ; 0.152 V                              ; 0.012 V                              ; 4.81e-10 s                  ; 6.29e-10 s                  ; Yes                        ; Yes                        ; 2.32 V                      ; 4.18e-09 V                  ; 2.38 V             ; -0.00483 V         ; 0.152 V                             ; 0.012 V                             ; 4.81e-10 s                 ; 6.29e-10 s                 ; Yes                       ; Yes                       ;
+---------------+--------------+---------------------+---------------------+------------------------------+------------------------------+---------------------+---------------------+--------------------------------------+--------------------------------------+-----------------------------+-----------------------------+----------------------------+----------------------------+-----------------------------+-----------------------------+--------------------+--------------------+-------------------------------------+-------------------------------------+----------------------------+----------------------------+---------------------------+---------------------------+


+--------------------------------------------------------------------------------------------------------------------------------------------------------------------------------------------------------------------------------------------------------------------------------------------------------------------------------------------------------------------------------------------------------------------------------------------------------------------------------------------------------------------------------------------------------------------------------------------------------------------------------------------------------------------------------------------+
; Signal Integrity Metrics (Slow 1200mv 85c Model)                                                                                                                                                                                                                                                                                                                                                                                                                                                                                                                                                                                                                                           ;
+---------------+--------------+---------------------+---------------------+------------------------------+------------------------------+---------------------+---------------------+--------------------------------------+--------------------------------------+-----------------------------+-----------------------------+----------------------------+----------------------------+-----------------------------+-----------------------------+--------------------+--------------------+-------------------------------------+-------------------------------------+----------------------------+----------------------------+---------------------------+---------------------------+
; Pin           ; I/O Standard ; Board Delay on Rise ; Board Delay on Fall ; Steady State Voh at FPGA Pin ; Steady State Vol at FPGA Pin ; Voh Max at FPGA Pin ; Vol Min at FPGA Pin ; Ringback Voltage on Rise at FPGA Pin ; Ringback Voltage on Fall at FPGA Pin ; 10-90 Rise Time at FPGA Pin ; 90-10 Fall Time at FPGA Pin ; Monotonic Rise at FPGA Pin ; Monotonic Fall at FPGA Pin ; Steady State Voh at Far-end ; Steady State Vol at Far-end ; Voh Max at Far-end ; Vol Min at Far-end ; Ringback Voltage on Rise at Far-end ; Ringback Voltage on Fall at Far-end ; 10-90 Rise Time at Far-end ; 90-10 Fall Time at Far-end ; Monotonic Rise at Far-end ; Monotonic Fall at Far-end ;
+---------------+--------------+---------------------+---------------------+------------------------------+------------------------------+---------------------+---------------------+--------------------------------------+--------------------------------------+-----------------------------+-----------------------------+----------------------------+----------------------------+-----------------------------+-----------------------------+--------------------+--------------------+-------------------------------------+-------------------------------------+----------------------------+----------------------------+---------------------------+---------------------------+
; b[0]          ; 2.5 V        ; 0 s                 ; 0 s                 ; 2.32 V                       ; 6.92e-07 V                   ; 2.35 V              ; -0.00996 V          ; 0.121 V                              ; 0.03 V                               ; 4.64e-10 s                  ; 4.47e-10 s                  ; Yes                        ; Yes                        ; 2.32 V                      ; 6.92e-07 V                  ; 2.35 V             ; -0.00996 V         ; 0.121 V                             ; 0.03 V                              ; 4.64e-10 s                 ; 4.47e-10 s                 ; Yes                       ; Yes                       ;
; b[1]          ; 2.5 V        ; 0 s                 ; 0 s                 ; 2.32 V                       ; 6.92e-07 V                   ; 2.35 V              ; -0.00996 V          ; 0.121 V                              ; 0.03 V                               ; 4.64e-10 s                  ; 4.47e-10 s                  ; Yes                        ; Yes                        ; 2.32 V                      ; 6.92e-07 V                  ; 2.35 V             ; -0.00996 V         ; 0.121 V                             ; 0.03 V                              ; 4.64e-10 s                 ; 4.47e-10 s                 ; Yes                       ; Yes                       ;
; b[2]          ; 2.5 V        ; 0 s                 ; 0 s                 ; 2.32 V                       ; 6.92e-07 V                   ; 2.35 V              ; -0.00996 V          ; 0.121 V                              ; 0.03 V                               ; 4.64e-10 s                  ; 4.47e-10 s                  ; Yes                        ; Yes                        ; 2.32 V                      ; 6.92e-07 V                  ; 2.35 V             ; -0.00996 V         ; 0.121 V                             ; 0.03 V                              ; 4.64e-10 s                 ; 4.47e-10 s                 ; Yes                       ; Yes                       ;
; b[3]          ; 2.5 V        ; 0 s                 ; 0 s                 ; 2.32 V                       ; 6.92e-07 V                   ; 2.35 V              ; -0.00996 V          ; 0.121 V                              ; 0.03 V                               ; 4.64e-10 s                  ; 4.47e-10 s                  ; Yes                        ; Yes                        ; 2.32 V                      ; 6.92e-07 V                  ; 2.35 V             ; -0.00996 V         ; 0.121 V                             ; 0.03 V                              ; 4.64e-10 s                 ; 4.47e-10 s                 ; Yes                       ; Yes                       ;
; ~ALTERA_DCLK~ ; 2.5 V        ; 0 s                 ; 0 s                 ; 2.32 V                       ; 3.75e-07 V                   ; 2.35 V              ; -0.0109 V           ; 0.084 V                              ; 0.027 V                              ; 4.31e-10 s                  ; 3.61e-10 s                  ; Yes                        ; Yes                        ; 2.32 V                      ; 3.75e-07 V                  ; 2.35 V             ; -0.0109 V          ; 0.084 V                             ; 0.027 V                             ; 4.31e-10 s                 ; 3.61e-10 s                 ; Yes                       ; Yes                       ;
; ~ALTERA_nCEO~ ; 2.5 V        ; 0 s                 ; 0 s                 ; 2.32 V                       ; 6.15e-07 V                   ; 2.35 V              ; -0.00712 V          ; 0.093 V                              ; 0.02 V                               ; 6.21e-10 s                  ; 7.9e-10 s                   ; Yes                        ; Yes                        ; 2.32 V                      ; 6.15e-07 V                  ; 2.35 V             ; -0.00712 V         ; 0.093 V                             ; 0.02 V                              ; 6.21e-10 s                 ; 7.9e-10 s                  ; Yes                       ; Yes                       ;
+---------------+--------------+---------------------+---------------------+------------------------------+------------------------------+---------------------+---------------------+--------------------------------------+--------------------------------------+-----------------------------+-----------------------------+----------------------------+----------------------------+-----------------------------+-----------------------------+--------------------+--------------------+-------------------------------------+-------------------------------------+----------------------------+----------------------------+---------------------------+---------------------------+


+--------------------------------------------------------------------------------------------------------------------------------------------------------------------------------------------------------------------------------------------------------------------------------------------------------------------------------------------------------------------------------------------------------------------------------------------------------------------------------------------------------------------------------------------------------------------------------------------------------------------------------------------------------------------------------------------+
; Signal Integrity Metrics (Fast 1200mv 0c Model)                                                                                                                                                                                                                                                                                                                                                                                                                                                                                                                                                                                                                                            ;
+---------------+--------------+---------------------+---------------------+------------------------------+------------------------------+---------------------+---------------------+--------------------------------------+--------------------------------------+-----------------------------+-----------------------------+----------------------------+----------------------------+-----------------------------+-----------------------------+--------------------+--------------------+-------------------------------------+-------------------------------------+----------------------------+----------------------------+---------------------------+---------------------------+
; Pin           ; I/O Standard ; Board Delay on Rise ; Board Delay on Fall ; Steady State Voh at FPGA Pin ; Steady State Vol at FPGA Pin ; Voh Max at FPGA Pin ; Vol Min at FPGA Pin ; Ringback Voltage on Rise at FPGA Pin ; Ringback Voltage on Fall at FPGA Pin ; 10-90 Rise Time at FPGA Pin ; 90-10 Fall Time at FPGA Pin ; Monotonic Rise at FPGA Pin ; Monotonic Fall at FPGA Pin ; Steady State Voh at Far-end ; Steady State Vol at Far-end ; Voh Max at Far-end ; Vol Min at Far-end ; Ringback Voltage on Rise at Far-end ; Ringback Voltage on Fall at Far-end ; 10-90 Rise Time at Far-end ; 90-10 Fall Time at Far-end ; Monotonic Rise at Far-end ; Monotonic Fall at Far-end ;
+---------------+--------------+---------------------+---------------------+------------------------------+------------------------------+---------------------+---------------------+--------------------------------------+--------------------------------------+-----------------------------+-----------------------------+----------------------------+----------------------------+-----------------------------+-----------------------------+--------------------+--------------------+-------------------------------------+-------------------------------------+----------------------------+----------------------------+---------------------------+---------------------------+
; b[0]          ; 2.5 V        ; 0 s                 ; 0 s                 ; 2.62 V                       ; 4.05e-08 V                   ; 2.72 V              ; -0.0349 V           ; 0.173 V                              ; 0.1 V                                ; 2.72e-10 s                  ; 2.69e-10 s                  ; Yes                        ; Yes                        ; 2.62 V                      ; 4.05e-08 V                  ; 2.72 V             ; -0.0349 V          ; 0.173 V                             ; 0.1 V                               ; 2.72e-10 s                 ; 2.69e-10 s                 ; Yes                       ; Yes                       ;
; b[1]          ; 2.5 V        ; 0 s                 ; 0 s                 ; 2.62 V                       ; 4.05e-08 V                   ; 2.72 V              ; -0.0349 V           ; 0.173 V                              ; 0.1 V                                ; 2.72e-10 s                  ; 2.69e-10 s                  ; Yes                        ; Yes                        ; 2.62 V                      ; 4.05e-08 V                  ; 2.72 V             ; -0.0349 V          ; 0.173 V                             ; 0.1 V                               ; 2.72e-10 s                 ; 2.69e-10 s                 ; Yes                       ; Yes                       ;
; b[2]          ; 2.5 V        ; 0 s                 ; 0 s                 ; 2.62 V                       ; 4.05e-08 V                   ; 2.72 V              ; -0.0349 V           ; 0.173 V                              ; 0.1 V                                ; 2.72e-10 s                  ; 2.69e-10 s                  ; Yes                        ; Yes                        ; 2.62 V                      ; 4.05e-08 V                  ; 2.72 V             ; -0.0349 V          ; 0.173 V                             ; 0.1 V                               ; 2.72e-10 s                 ; 2.69e-10 s                 ; Yes                       ; Yes                       ;
; b[3]          ; 2.5 V        ; 0 s                 ; 0 s                 ; 2.62 V                       ; 4.05e-08 V                   ; 2.72 V              ; -0.0349 V           ; 0.173 V                              ; 0.1 V                                ; 2.72e-10 s                  ; 2.69e-10 s                  ; Yes                        ; Yes                        ; 2.62 V                      ; 4.05e-08 V                  ; 2.72 V             ; -0.0349 V          ; 0.173 V                             ; 0.1 V                               ; 2.72e-10 s                 ; 2.69e-10 s                 ; Yes                       ; Yes                       ;
; ~ALTERA_DCLK~ ; 2.5 V        ; 0 s                 ; 0 s                 ; 2.62 V                       ; 2.22e-08 V                   ; 2.74 V              ; -0.06 V             ; 0.158 V                              ; 0.08 V                               ; 2.68e-10 s                  ; 2.19e-10 s                  ; Yes                        ; Yes                        ; 2.62 V                      ; 2.22e-08 V                  ; 2.74 V             ; -0.06 V            ; 0.158 V                             ; 0.08 V                              ; 2.68e-10 s                 ; 2.19e-10 s                 ; Yes                       ; Yes                       ;
; ~ALTERA_nCEO~ ; 2.5 V        ; 0 s                 ; 0 s                 ; 2.62 V                       ; 3.54e-08 V                   ; 2.7 V               ; -0.00943 V          ; 0.276 V                              ; 0.035 V                              ; 3.19e-10 s                  ; 4.99e-10 s                  ; No                         ; Yes                        ; 2.62 V                      ; 3.54e-08 V                  ; 2.7 V              ; -0.00943 V         ; 0.276 V                             ; 0.035 V                             ; 3.19e-10 s                 ; 4.99e-10 s                 ; No                        ; Yes                       ;
+---------------+--------------+---------------------+---------------------+------------------------------+------------------------------+---------------------+---------------------+--------------------------------------+--------------------------------------+-----------------------------+-----------------------------+----------------------------+----------------------------+-----------------------------+-----------------------------+--------------------+--------------------+-------------------------------------+-------------------------------------+----------------------------+----------------------------+---------------------------+---------------------------+


+---------------------------------------------------------------------------------------------------------+
; Setup Transfers                                                                                         ;
+------------------------------+------------------------------+----------+----------+----------+----------+
; From Clock                   ; To Clock                     ; RR Paths ; FR Paths ; RF Paths ; FF Paths ;
+------------------------------+------------------------------+----------+----------+----------+----------+
; clk_div:clk_div_inst|clk_out ; clk_div:clk_div_inst|clk_out ; 10       ; 0        ; 0        ; 0        ;
; clk_div:clk_div_inst|clk_out ; clk_in                       ; 1        ; 1        ; 0        ; 0        ;
; clk_in                       ; clk_in                       ; 675      ; 0        ; 0        ; 0        ;
+------------------------------+------------------------------+----------+----------+----------+----------+
Entries labeled "false path" only account for clock-to-clock false paths and not path-based false paths. As a result, actual path counts may be lower than reported.


+---------------------------------------------------------------------------------------------------------+
; Hold Transfers                                                                                          ;
+------------------------------+------------------------------+----------+----------+----------+----------+
; From Clock                   ; To Clock                     ; RR Paths ; FR Paths ; RF Paths ; FF Paths ;
+------------------------------+------------------------------+----------+----------+----------+----------+
; clk_div:clk_div_inst|clk_out ; clk_div:clk_div_inst|clk_out ; 10       ; 0        ; 0        ; 0        ;
; clk_div:clk_div_inst|clk_out ; clk_in                       ; 1        ; 1        ; 0        ; 0        ;
; clk_in                       ; clk_in                       ; 675      ; 0        ; 0        ; 0        ;
+------------------------------+------------------------------+----------+----------+----------+----------+
Entries labeled "false path" only account for clock-to-clock false paths and not path-based false paths. As a result, actual path counts may be lower than reported.


---------------
; Report TCCS ;
---------------
No dedicated SERDES Transmitter circuitry present in device or used in design


---------------
; Report RSKM ;
---------------
No non-DPA dedicated SERDES Receiver circuitry present in device or used in design


+------------------------------------------------+
; Unconstrained Paths Summary                    ;
+---------------------------------+-------+------+
; Property                        ; Setup ; Hold ;
+---------------------------------+-------+------+
; Illegal Clocks                  ; 0     ; 0    ;
; Unconstrained Clocks            ; 0     ; 0    ;
; Unconstrained Input Ports       ; 1     ; 1    ;
; Unconstrained Input Port Paths  ; 4     ; 4    ;
; Unconstrained Output Ports      ; 4     ; 4    ;
; Unconstrained Output Port Paths ; 4     ; 4    ;
+---------------------------------+-------+------+


+----------------------------------------------------------------------------------+
; Clock Status Summary                                                             ;
+------------------------------+------------------------------+------+-------------+
; Target                       ; Clock                        ; Type ; Status      ;
+------------------------------+------------------------------+------+-------------+
; clk_div:clk_div_inst|clk_out ; clk_div:clk_div_inst|clk_out ; Base ; Constrained ;
; clk_in                       ; clk_in                       ; Base ; Constrained ;
+------------------------------+------------------------------+------+-------------+


+---------------------------------------------------------------------------------------------------+
; Unconstrained Input Ports                                                                         ;
+------------+--------------------------------------------------------------------------------------+
; Input Port ; Comment                                                                              ;
+------------+--------------------------------------------------------------------------------------+
; rst_n      ; No input delay, min/max delays, false-path exceptions, or max skew assignments found ;
+------------+--------------------------------------------------------------------------------------+


+-----------------------------------------------------------------------------------------------------+
; Unconstrained Output Ports                                                                          ;
+-------------+---------------------------------------------------------------------------------------+
; Output Port ; Comment                                                                               ;
+-------------+---------------------------------------------------------------------------------------+
; b[0]        ; No output delay, min/max delays, false-path exceptions, or max skew assignments found ;
; b[1]        ; No output delay, min/max delays, false-path exceptions, or max skew assignments found ;
; b[2]        ; No output delay, min/max delays, false-path exceptions, or max skew assignments found ;
; b[3]        ; No output delay, min/max delays, false-path exceptions, or max skew assignments found ;
+-------------+---------------------------------------------------------------------------------------+


+---------------------------------------------------------------------------------------------------+
; Unconstrained Input Ports                                                                         ;
+------------+--------------------------------------------------------------------------------------+
; Input Port ; Comment                                                                              ;
+------------+--------------------------------------------------------------------------------------+
; rst_n      ; No input delay, min/max delays, false-path exceptions, or max skew assignments found ;
+------------+--------------------------------------------------------------------------------------+


+-----------------------------------------------------------------------------------------------------+
; Unconstrained Output Ports                                                                          ;
+-------------+---------------------------------------------------------------------------------------+
; Output Port ; Comment                                                                               ;
+-------------+---------------------------------------------------------------------------------------+
; b[0]        ; No output delay, min/max delays, false-path exceptions, or max skew assignments found ;
; b[1]        ; No output delay, min/max delays, false-path exceptions, or max skew assignments found ;
; b[2]        ; No output delay, min/max delays, false-path exceptions, or max skew assignments found ;
; b[3]        ; No output delay, min/max delays, false-path exceptions, or max skew assignments found ;
+-------------+---------------------------------------------------------------------------------------+


+--------------------------+
; Timing Analyzer Messages ;
+--------------------------+
Info: *******************************************************************
Info: Running Quartus Prime Timing Analyzer
    Info: Version 25.1std.0 Build 1129 10/21/2025 SC Lite Edition
    Info: Processing started: Thu Jun  4 12:02:45 2026
Info: Command: quartus_sta counter_demo -c counter_demo
Info: qsta_default_script.tcl version: #1
Warning (18236): Number of processors has not been specified which may cause overloading on shared machines.  Set the global assignment NUM_PARALLEL_PROCESSORS in your QSF to an appropriate value for best performance.
Info (20030): Parallel compilation is enabled and will use 10 of the 10 processors detected
Info (21077): Low junction temperature is 0 degrees C
Info (21077): High junction temperature is 85 degrees C
Critical Warning (332012): Synopsys Design Constraints File file not found: 'counter_demo.sdc'. A Synopsys Design Constraints File is required by the Timing Analyzer to get proper timing constraints. Without it, the Compiler will not properly optimize the design.
Info (332142): No user constrained base clocks found in the design. Calling "derive_clocks -period 1.0"
Info (332105): Deriving Clocks
    Info (332105): create_clock -period 1.000 -name clk_in clk_in
    Info (332105): create_clock -period 1.000 -name clk_div:clk_div_inst|clk_out clk_div:clk_div_inst|clk_out
Info (332143): No user constrained clock uncertainty found in the design. Calling "derive_clock_uncertainty"
Info (332123): Deriving Clock Uncertainty. Please refer to report_sdc in the Timing Analyzer to see clock uncertainties.
Info: Found TIMING_ANALYZER_REPORT_SCRIPT_INCLUDE_DEFAULT_ANALYSIS = ON
Info: Analyzing Slow 1200mV 85C Model
Critical Warning (332148): Timing requirements not met
    Info (11105): For recommendations on closing timing, run Report Timing Closure Recommendations in the Timing Analyzer.
Info (332146): Worst-case setup slack is -3.961
    Info (332119):     Slack       End Point TNS Clock 
    Info (332119): ========= =================== =====================
    Info (332119):    -3.961             -50.855 clk_in 
    Info (332119):    -0.202              -0.390 clk_div:clk_div_inst|clk_out 
Info (332146): Worst-case hold slack is 0.404
    Info (332119):     Slack       End Point TNS Clock 
    Info (332119): ========= =================== =====================
    Info (332119):     0.404               0.000 clk_div:clk_div_inst|clk_out 
    Info (332119):     0.639               0.000 clk_in 
Info (332140): No Recovery paths to report
Info (332140): No Removal paths to report
Info (332146): Worst-case minimum pulse width slack is -3.000
    Info (332119):     Slack       End Point TNS Clock 
    Info (332119): ========= =================== =====================
    Info (332119):    -3.000             -36.410 clk_in 
    Info (332119):    -1.285              -5.140 clk_div:clk_div_inst|clk_out 
Info: Analyzing Slow 1200mV 0C Model
Info (334003): Started post-fitting delay annotation
Info (334004): Delay annotation completed successfully
Info (332123): Deriving Clock Uncertainty. Please refer to report_sdc in the Timing Analyzer to see clock uncertainties.
Critical Warning (332148): Timing requirements not met
    Info (11105): For recommendations on closing timing, run Report Timing Closure Recommendations in the Timing Analyzer.
Info (332146): Worst-case setup slack is -3.571
    Info (332119):     Slack       End Point TNS Clock 
    Info (332119): ========= =================== =====================
    Info (332119):    -3.571             -43.860 clk_in 
    Info (332119):    -0.083              -0.153 clk_div:clk_div_inst|clk_out 
Info (332146): Worst-case hold slack is 0.355
    Info (332119):     Slack       End Point TNS Clock 
    Info (332119): ========= =================== =====================
    Info (332119):     0.355               0.000 clk_div:clk_div_inst|clk_out 
    Info (332119):     0.585               0.000 clk_in 
Info (332140): No Recovery paths to report
Info (332140): No Removal paths to report
Info (332146): Worst-case minimum pulse width slack is -3.000
    Info (332119):     Slack       End Point TNS Clock 
    Info (332119): ========= =================== =====================
    Info (332119):    -3.000             -36.410 clk_in 
    Info (332119):    -1.285              -5.140 clk_div:clk_div_inst|clk_out 
Info: Analyzing Fast 1200mV 0C Model
Info (332123): Deriving Clock Uncertainty. Please refer to report_sdc in the Timing Analyzer to see clock uncertainties.
Critical Warning (332148): Timing requirements not met
    Info (11105): For recommendations on closing timing, run Report Timing Closure Recommendations in the Timing Analyzer.
Info (332146): Worst-case setup slack is -1.526
    Info (332119):     Slack       End Point TNS Clock 
    Info (332119): ========= =================== =====================
    Info (332119):    -1.526             -12.370 clk_in 
    Info (332119):     0.410               0.000 clk_div:clk_div_inst|clk_out 
Info (332146): Worst-case hold slack is 0.182
    Info (332119):     Slack       End Point TNS Clock 
    Info (332119): ========= =================== =====================
    Info (332119):     0.182               0.000 clk_div:clk_div_inst|clk_out 
    Info (332119):     0.291               0.000 clk_in 
Info (332140): No Recovery paths to report
Info (332140): No Removal paths to report
Info (332146): Worst-case minimum pulse width slack is -3.000
    Info (332119):     Slack       End Point TNS Clock 
    Info (332119): ========= =================== =====================
    Info (332119):    -3.000             -30.602 clk_in 
    Info (332119):    -1.000              -4.000 clk_div:clk_div_inst|clk_out 
Info (332102): Design is not fully constrained for setup requirements
Info (332102): Design is not fully constrained for hold requirements
Info: Quartus Prime Timing Analyzer was successful. 0 errors, 5 warnings
    Info: Peak virtual memory: 4953 megabytes
    Info: Processing ended: Thu Jun  4 12:02:48 2026
    Info: Elapsed time: 00:00:03
    Info: Total CPU time (on all processors): 00:00:03


